step,t,u,v,speed
1,0.001,-1.32149e-10,0,1.32149e-10
2,0.002,-2.38385e-06,2.33184e-11,2.38385e-06
3,0.003,-6.50966e-05,2.82636e-08,6.50966e-05
4,0.004,-0.000426522,5.65491e-07,0.000426522
5,0.005,-0.00146977,3.58576e-06,0.00146977
6,0.006,-0.00350963,1.27651e-05,0.00350966
7,0.007,-0.00662974,3.19475e-05,0.00662981
8,0.008,-0.0106719,6.31453e-05,0.0106721
9,0.009,-0.0153252,0.000105621,0.0153255
10,0.01,-0.020231,0.000156328,0.0202316
11,0.011,-0.0250579,0.000211056,0.0250588
12,0.012,-0.0295385,0.000265553,0.0295397
13,0.013,-0.033481,0.000316257,0.0334825
14,0.014,-0.0367662,0.000360603,0.0367679
15,0.015,-0.0393388,0.000397038,0.0393408
16,0.016,-0.0411978,0.00042489,0.0412
17,0.017,-0.0423862,0.000444196,0.0423886
18,0.018,-0.042982,0.000455535,0.0429844
19,0.019,-0.0430901,0.000459902,0.0430926
20,0.02,-0.0428353,0.000458597,0.0428378
21,0.021,-0.0423543,0.000453142,0.0423567
22,0.022,-0.0417872,0.000445191,0.0417896
23,0.023,-0.0412688,0.000436437,0.0412711
24,0.024,-0.040919,0.000428507,0.0409213
25,0.025,-0.0408347,0.000422856,0.0408369
26,0.026,-0.041084,0.000420672,0.0410861
27,0.027,-0.0417025,0.000422801,0.0417046
28,0.028,-0.0426937,0.0004297,0.0426959
29,0.029,-0.0440312,0.000441435,0.0440334
30,0.03,-0.0456637,0.000457708,0.0456659
31,0.031,-0.0475215,0.00047791,0.0475239
32,0.032,-0.0495239,0.000501205,0.0495265
33,0.033,-0.0515858,0.000526613,0.0515885
34,0.034,-0.053625,0.000553106,0.0536279
35,0.035,-0.0555676,0.000579684,0.0555706
36,0.036,-0.0573528,0.000605459,0.057356
37,0.037,-0.0589362,0.000629702,0.0589396
38,0.038,-0.0602912,0.00065189,0.0602947
39,0.039,-0.0614098,0.00067172,0.0614135
40,0.04,-0.0623012,0.000689114,0.062305
41,0.041,-0.0629897,0.000704197,0.0629937
42,0.042,-0.063512,0.000717271,0.063516
43,0.043,-0.0639127,0.000728772,0.0639168
44,0.044,-0.064241,0.000739224,0.0642452
45,0.045,-0.0645463,0.000749187,0.0645506
46,0.046,-0.0648748,0.000759216,0.0648792
47,0.047,-0.0652663,0.000769814,0.0652708
48,0.048,-0.0657517,0.000781401,0.0657563
49,0.049,-0.0663519,0.000794294,0.0663566
50,0.05,-0.0670769,0.000808689,0.0670817
51,0.051,-0.067926,0.000824664,0.067931
52,0.052,-0.0688893,0.000842183,0.0688945
53,0.053,-0.0699487,0.00086111,0.069954
54,0.054,-0.0710803,0.000881236,0.0710858
55,0.055,-0.0722568,0.000902293,0.0722624
56,0.056,-0.0734493,0.000923991,0.0734552
57,0.057,-0.0746304,0.000946033,0.0746364
58,0.058,-0.0757753,0.000968144,0.0757815
59,0.059,-0.0768638,0.000990084,0.0768701
60,0.06,-0.0778813,0.00101167,0.0778879
61,0.061,-0.0788195,0.00103276,0.0788263
62,0.062,-0.0796762,0.00105331,0.0796832
63,0.063,-0.0804552,0.0010733,0.0804623
64,0.064,-0.081165,0.00109278,0.0811724
65,0.065,-0.0818185,0.00111185,0.0818261
66,0.066,-0.082431,0.00113061,0.0824388
67,0.067,-0.0830193,0.00114923,0.0830273
68,0.068,-0.0836,0.00116785,0.0836081
69,0.069,-0.0841884,0.00118662,0.0841968
70,0.07,-0.0847978,0.00120565,0.0848064
71,0.071,-0.0854383,0.00122507,0.0854471
72,0.072,-0.0861165,0.00124495,0.0861255
73,0.073,-0.0868354,0.00126534,0.0868446
74,0.074,-0.0875944,0.00128624,0.0876038
75,0.075,-0.0883898,0.00130765,0.0883995
76,0.076,-0.0892153,0.00132952,0.0892252
77,0.077,-0.0900625,0.0013518,0.0900726
78,0.078,-0.0909221,0.00137441,0.0909325
79,0.079,-0.0917844,0.00139728,0.0917951
80,0.08,-0.0926401,0.00142032,0.092651
81,0.081,-0.0934809,0.00144346,0.093492
82,0.082,-0.0943001,0.00146663,0.0943115
83,0.083,-0.0950931,0.0014898,0.0951048
84,0.084,-0.0958572,0.00151292,0.0958691
85,0.085,-0.0965918,0.00153598,0.096604
86,0.086,-0.0972984,0.00155897,0.0973109
87,0.087,-0.0979801,0.00158192,0.0979929
88,0.088,-0.0986413,0.00160483,0.0986543
89,0.089,-0.0992872,0.00162775,0.0993005
90,0.09,-0.0999235,0.00165071,0.0999371
91,0.091,-0.100556,0.00167374,0.10057
92,0.092,-0.101189,0.00169689,0.101204
93,0.093,-0.101828,0.00172018,0.101843
94,0.094,-0.102476,0.00174363,0.102491
95,0.095,-0.103134,0.00176726,0.10315
96,0.096,-0.103805,0.00179109,0.10382
97,0.097,-0.104486,0.0018151,0.104502
98,0.098,-0.105178,0.0018393,0.105194
99,0.099,-0.105878,0.00186367,0.105894
100,0.1,-0.106582,0.00188819,0.106599
101,0.101,-0.107288,0.00191284,0.107305
102,0.102,-0.107992,0.00193761,0.10801
103,0.103,-0.108692,0.00196246,0.10871
104,0.104,-0.109384,0.00198738,0.109402
105,0.105,-0.110067,0.00201236,0.110085
106,0.106,-0.110738,0.00203738,0.110757
107,0.107,-0.111398,0.00206243,0.111417
108,0.108,-0.112045,0.00208752,0.112064
109,0.109,-0.11268,0.00211263,0.1127
110,0.11,-0.113305,0.00213776,0.113325
111,0.111,-0.113921,0.00216293,0.113941
112,0.112,-0.114529,0.00218814,0.11455
113,0.113,-0.115133,0.00221338,0.115154
114,0.114,-0.115732,0.00223868,0.115754
115,0.115,-0.11633,0.00226403,0.116353
116,0.116,-0.116928,0.00228944,0.116951
117,0.117,-0.117527,0.00231491,0.11755
118,0.118,-0.118127,0.00234044,0.11815
119,0.119,-0.118728,0.00236603,0.118752
120,0.12,-0.119332,0.00239168,0.119355
121,0.121,-0.119936,0.00241739,0.11996
122,0.122,-0.12054,0.00244314,0.120565
123,0.123,-0.121144,0.00246893,0.121169
124,0.124,-0.121745,0.00249476,0.121771
125,0.125,-0.122344,0.00252062,0.12237
126,0.126,-0.122939,0.00254651,0.122965
127,0.127,-0.123528,0.00257242,0.123555
128,0.128,-0.124112,0.00259834,0.12414
129,0.129,-0.12469,0.00262427,0.124718
130,0.13,-0.125262,0.00265021,0.12529
131,0.131,-0.125827,0.00267615,0.125855
132,0.132,-0.126386,0.0027021,0.126414
133,0.133,-0.126939,0.00272805,0.126968
134,0.134,-0.127486,0.002754,0.127516
135,0.135,-0.128029,0.00277995,0.128059
136,0.136,-0.128568,0.00280589,0.128599
137,0.137,-0.129103,0.00283183,0.129134
138,0.138,-0.129636,0.00285777,0.129667
139,0.139,-0.130166,0.0028837,0.130198
140,0.14,-0.130694,0.00290962,0.130727
141,0.141,-0.131221,0.00293553,0.131254
142,0.142,-0.131745,0.00296142,0.131779
143,0.143,-0.132268,0.0029873,0.132302
144,0.144,-0.132789,0.00301316,0.132823
145,0.145,-0.133308,0.003039,0.133343
146,0.146,-0.133824,0.00306482,0.133859
147,0.147,-0.134337,0.00309061,0.134373
148,0.148,-0.134847,0.00311638,0.134883
149,0.149,-0.135353,0.00314211,0.13539
150,0.15,-0.135856,0.00316781,0.135893
151,0.151,-0.136354,0.00319348,0.136391
152,0.152,-0.136848,0.00321911,0.136885
153,0.153,-0.137337,0.0032447,0.137375
154,0.154,-0.137822,0.00327026,0.137861
155,0.155,-0.138303,0.00329577,0.138342
156,0.156,-0.138779,0.00332123,0.138819
157,0.157,-0.139252,0.00334666,0.139292
158,0.158,-0.139721,0.00337203,0.139761
159,0.159,-0.140186,0.00339735,0.140227
160,0.16,-0.140648,0.00342263,0.140689
161,0.161,-0.141107,0.00344784,0.141149
162,0.162,-0.141563,0.00347301,0.141605
163,0.163,-0.142016,0.00349811,0.142059
164,0.164,-0.142466,0.00352316,0.14251
165,0.165,-0.142914,0.00354814,0.142958
166,0.166,-0.143359,0.00357306,0.143404
167,0.167,-0.143801,0.00359791,0.143846
168,0.168,-0.144241,0.0036227,0.144286
169,0.169,-0.144677,0.00364742,0.144723
170,0.17,-0.145111,0.00367207,0.145157
171,0.171,-0.145541,0.00369664,0.145588
172,0.172,-0.145968,0.00372115,0.146015
173,0.173,-0.146391,0.00374559,0.146439
174,0.174,-0.146811,0.00376995,0.14686
175,0.175,-0.147228,0.00379423,0.147277
176,0.176,-0.147641,0.00381844,0.147691
177,0.177,-0.148051,0.00384258,0.148101
178,0.178,-0.148457,0.00386663,0.148508
179,0.179,-0.14886,0.0038906,0.148911
180,0.18,-0.14926,0.00391449,0.149311
181,0.181,-0.149656,0.0039383,0.149708
182,0.182,-0.150049,0.00396203,0.150102
183,0.183,-0.15044,0.00398567,0.150492
184,0.184,-0.150827,0.00400922,0.15088
185,0.185,-0.151211,0.00403268,0.151265
186,0.186,-0.151593,0.00405606,0.151647
187,0.187,-0.151972,0.00407934,0.152027
188,0.188,-0.152348,0.00410253,0.152403
189,0.189,-0.152721,0.00412562,0.152777
190,0.19,-0.153092,0.00414862,0.153148
191,0.191,-0.153459,0.00417153,0.153516
192,0.192,-0.153824,0.00419434,0.153881
193,0.193,-0.154186,0.00421706,0.154244
194,0.194,-0.154545,0.00423967,0.154603
195,0.195,-0.154902,0.00426219,0.15496
196,0.196,-0.155255,0.00428461,0.155314
197,0.197,-0.155605,0.00430694,0.155665
198,0.198,-0.155953,0.00432916,0.156013
199,0.199,-0.156297,0.00435128,0.156358
200,0.2,-0.156639,0.00437331,0.1567
201,0.201,-0.156978,0.00439523,0.15704
202,0.202,-0.157314,0.00441705,0.157376
203,0.203,-0.157647,0.00443877,0.15771
204,0.204,-0.157978,0.00446038,0.158041
205,0.205,-0.158305,0.00448189,0.158369
206,0.206,-0.15863,0.00450329,0.158694
207,0.207,-0.158953,0.00452459,0.159017
208,0.208,-0.159273,0.00454578,0.159338
209,0.209,-0.15959,0.00456687,0.159655
210,0.21,-0.159905,0.00458785,0.15997
211,0.211,-0.160217,0.00460872,0.160283
212,0.212,-0.160527,0.00462948,0.160593
213,0.213,-0.160834,0.00465013,0.160901
214,0.214,-0.161138,0.00467067,0.161206
215,0.215,-0.16144,0.0046911,0.161509
216,0.216,-0.16174,0.00471143,0.161809
217,0.217,-0.162037,0.00473164,0.162106
218,0.218,-0.162332,0.00475175,0.162401
219,0.219,-0.162624,0.00477174,0.162694
220,0.22,-0.162914,0.00479162,0.162984
221,0.221,-0.163201,0.0048114,0.163272
222,0.222,-0.163486,0.00483106,0.163557
223,0.223,-0.163768,0.00485061,0.16384
224,0.224,-0.164048,0.00487005,0.16412
225,0.225,-0.164325,0.00488938,0.164398
226,0.226,-0.164601,0.0049086,0.164674
227,0.227,-0.164873,0.0049277,0.164947
228,0.228,-0.165144,0.0049467,0.165218
229,0.229,-0.165412,0.00496558,0.165487
230,0.23,-0.165678,0.00498435,0.165753
231,0.231,-0.165942,0.00500301,0.166017
232,0.232,-0.166203,0.00502155,0.166279
233,0.233,-0.166462,0.00503999,0.166539
234,0.234,-0.166719,0.00505831,0.166796
235,0.235,-0.166974,0.00507651,0.167051
236,0.236,-0.167227,0.00509461,0.167304
237,0.237,-0.167477,0.00511259,0.167555
238,0.238,-0.167726,0.00513046,0.167804
239,0.239,-0.167972,0.00514822,0.168051
240,0.24,-0.168216,0.00516586,0.168295
241,0.241,-0.168458,0.00518339,0.168538
242,0.242,-0.168698,0.00520082,0.168778
243,0.243,-0.168936,0.00521812,0.169016
244,0.244,-0.169172,0.00523532,0.169253
245,0.245,-0.169405,0.00525241,0.169487
246,0.246,-0.169637,0.00526938,0.169719
247,0.247,-0.169867,0.00528625,0.169949
248,0.248,-0.170094,0.005303,0.170177
249,0.249,-0.17032,0.00531964,0.170403
250,0.25,-0.170544,0.00533617,0.170627
251,0.251,-0.170765,0.00535259,0.170849
252,0.252,-0.170985,0.0053689,0.171069
253,0.253,-0.171203,0.0053851,0.171288
254,0.254,-0.171419,0.00540118,0.171504
255,0.255,-0.171633,0.00541716,0.171719
256,0.256,-0.171845,0.00543303,0.171931
257,0.257,-0.172056,0.00544879,0.172142
258,0.258,-0.172264,0.00546444,0.172351
259,0.259,-0.172471,0.00547998,0.172558
260,0.26,-0.172676,0.00549541,0.172763
261,0.261,-0.172879,0.00551073,0.172967
262,0.262,-0.17308,0.00552595,0.173168
263,0.263,-0.17328,0.00554106,0.173368
264,0.264,-0.173478,0.00555606,0.173566
265,0.265,-0.173674,0.00557095,0.173763
266,0.266,-0.173868,0.00558574,0.173958
267,0.267,-0.17406,0.00560042,0.17415
268,0.268,-0.174251,0.00561499,0.174342
269,0.269,-0.17444,0.00562946,0.174531
270,0.27,-0.174628,0.00564382,0.174719
271,0.271,-0.174814,0.00565808,0.174905
272,0.272,-0.174998,0.00567223,0.17509
273,0.273,-0.17518,0.00568628,0.175273
274,0.274,-0.175361,0.00570023,0.175454
275,0.275,-0.175541,0.00571407,0.175634
276,0.276,-0.175718,0.00572781,0.175812
277,0.277,-0.175894,0.00574144,0.175988
278,0.278,-0.176069,0.00575497,0.176163
279,0.279,-0.176242,0.0057684,0.176336
280,0.28,-0.176413,0.00578173,0.176508
281,0.281,-0.176583,0.00579496,0.176678
282,0.282,-0.176752,0.00580809,0.176847
283,0.283,-0.176919,0.00582111,0.177014
284,0.284,-0.177084,0.00583404,0.17718
285,0.285,-0.177248,0.00584686,0.177345
286,0.286,-0.177411,0.00585959,0.177507
287,0.287,-0.177572,0.00587222,0.177669
288,0.288,-0.177731,0.00588475,0.177829
289,0.289,-0.177889,0.00589718,0.177987
290,0.29,-0.178046,0.00590952,0.178144
291,0.291,-0.178201,0.00592175,0.1783
292,0.292,-0.178355,0.0059339,0.178454
293,0.293,-0.178508,0.00594594,0.178607
294,0.294,-0.178659,0.00595789,0.178758
295,0.295,-0.178809,0.00596975,0.178908
296,0.296,-0.178957,0.00598151,0.179057
297,0.297,-0.179104,0.00599317,0.179205
298,0.298,-0.17925,0.00600474,0.179351
299,0.299,-0.179395,0.00601622,0.179495
300,0.3,-0.179538,0.00602761,0.179639
301,0.301,-0.17968,0.0060389,0.179781
302,0.302,-0.17982,0.0060501,0.179922
303,0.303,-0.17996,0.00606121,0.180062
304,0.304,-0.180098,0.00607223,0.1802
305,0.305,-0.180234,0.00608316,0.180337
306,0.306,-0.18037,0.006094,0.180473
307,0.307,-0.180504,0.00610475,0.180608
308,0.308,-0.180638,0.00611541,0.180741
309,0.309,-0.180769,0.00612598,0.180873
310,0.31,-0.1809,0.00613647,0.181004
311,0.311,-0.18103,0.00614686,0.181134
312,0.312,-0.181158,0.00615717,0.181263
313,0.313,-0.181285,0.00616739,0.18139
314,0.314,-0.181411,0.00617753,0.181517
315,0.315,-0.181536,0.00618758,0.181642
316,0.316,-0.18166,0.00619755,0.181766
317,0.317,-0.181783,0.00620743,0.181889
318,0.318,-0.181904,0.00621722,0.182011
319,0.319,-0.182025,0.00622694,0.182131
320,0.32,-0.182144,0.00623657,0.182251
321,0.321,-0.182262,0.00624611,0.182369
322,0.322,-0.18238,0.00625558,0.182487
323,0.323,-0.182496,0.00626496,0.182603
324,0.324,-0.182611,0.00627426,0.182718
325,0.325,-0.182725,0.00628349,0.182833
326,0.326,-0.182838,0.00629263,0.182946
327,0.327,-0.18295,0.00630169,0.183058
328,0.328,-0.183061,0.00631067,0.183169
329,0.329,-0.18317,0.00631957,0.183279
330,0.33,-0.183279,0.0063284,0.183389
331,0.331,-0.183387,0.00633715,0.183497
332,0.332,-0.183494,0.00634582,0.183604
333,0.333,-0.1836,0.00635441,0.18371
334,0.334,-0.183705,0.00636293,0.183815
335,0.335,-0.183809,0.00637137,0.18392
336,0.336,-0.183912,0.00637973,0.184023
337,0.337,-0.184014,0.00638802,0.184125
338,0.338,-0.184116,0.00639624,0.184227
339,0.339,-0.184216,0.00640438,0.184327
340,0.34,-0.184315,0.00641245,0.184427
341,0.341,-0.184414,0.00642045,0.184525
342,0.342,-0.184511,0.00642837,0.184623
343,0.343,-0.184608,0.00643622,0.18472
344,0.344,-0.184704,0.00644401,0.184816
345,0.345,-0.184799,0.00645171,0.184911
346,0.346,-0.184893,0.00645935,0.185005
347,0.347,-0.184986,0.00646692,0.185099
348,0.348,-0.185078,0.00647442,0.185191
349,0.349,-0.18517,0.00648185,0.185283
350,0.35,-0.18526,0.00648921,0.185374
351,0.351,-0.18535,0.00649651,0.185464
352,0.352,-0.185439,0.00650373,0.185553
353,0.353,-0.185527,0.00651089,0.185641
354,0.354,-0.185614,0.00651798,0.185729
355,0.355,-0.185701,0.00652501,0.185816
356,0.356,-0.185787,0.00653197,0.185901
357,0.357,-0.185872,0.00653886,0.185987
358,0.358,-0.185956,0.00654569,0.186071
359,0.359,-0.186039,0.00655245,0.186155
360,0.36,-0.186122,0.00655915,0.186237
361,0.361,-0.186204,0.00656579,0.186319
362,0.362,-0.186285,0.00657236,0.186401
363,0.363,-0.186365,0.00657888,0.186481
364,0.364,-0.186445,0.00658533,0.186561
365,0.365,-0.186524,0.00659171,0.18664
366,0.366,-0.186602,0.00659804,0.186719
367,0.367,-0.186679,0.0066043,0.186796
368,0.368,-0.186756,0.00661051,0.186873
369,0.369,-0.186832,0.00661665,0.186949
370,0.37,-0.186908,0.00662274,0.187025
371,0.371,-0.186982,0.00662876,0.1871
372,0.372,-0.187056,0.00663473,0.187174
373,0.373,-0.187129,0.00664064,0.187247
374,0.374,-0.187202,0.00664649,0.18732
375,0.375,-0.187274,0.00665229,0.187392
376,0.376,-0.187345,0.00665802,0.187464
377,0.377,-0.187416,0.00666371,0.187534
378,0.378,-0.187486,0.00666933,0.187604
379,0.379,-0.187555,0.0066749,0.187674
380,0.38,-0.187624,0.00668041,0.187743
381,0.381,-0.187692,0.00668587,0.187811
382,0.382,-0.187759,0.00669128,0.187879
383,0.383,-0.187826,0.00669663,0.187945
384,0.384,-0.187892,0.00670192,0.188012
385,0.385,-0.187958,0.00670717,0.188078
386,0.386,-0.188023,0.00671236,0.188143
387,0.387,-0.188087,0.0067175,0.188207
388,0.388,-0.188151,0.00672258,0.188271
389,0.389,-0.188214,0.00672762,0.188334
390,0.39,-0.188277,0.0067326,0.188397
391,0.391,-0.188339,0.00673754,0.188459
392,0.392,-0.1884,0.00674242,0.188521
393,0.393,-0.188461,0.00674725,0.188582
394,0.394,-0.188521,0.00675204,0.188642
395,0.395,-0.188581,0.00675677,0.188702
396,0.396,-0.18864,0.00676146,0.188762
397,0.397,-0.188699,0.00676609,0.18882
398,0.398,-0.188757,0.00677068,0.188879
399,0.399,-0.188815,0.00677522,0.188936
400,0.4,-0.188872,0.00677972,0.188993
401,0.401,-0.188928,0.00678417,0.18905
402,0.402,-0.188984,0.00678857,0.189106
403,0.403,-0.18904,0.00679292,0.189162
404,0.404,-0.189095,0.00679723,0.189217
405,0.405,-0.189149,0.00680149,0.189272
406,0.406,-0.189203,0.00680571,0.189326
407,0.407,-0.189257,0.00680989,0.189379
408,0.408,-0.18931,0.00681402,0.189432
409,0.409,-0.189362,0.0068181,0.189485
410,0.41,-0.189414,0.00682214,0.189537
411,0.411,-0.189466,0.00682614,0.189589
412,0.412,-0.189517,0.0068301,0.18964
413,0.413,-0.189567,0.00683401,0.18969
414,0.414,-0.189617,0.00683788,0.189741
415,0.415,-0.189667,0.00684171,0.18979
416,0.416,-0.189716,0.0068455,0.18984
417,0.417,-0.189765,0.00684925,0.189888
418,0.418,-0.189813,0.00685296,0.189937
419,0.419,-0.189861,0.00685662,0.189985
420,0.42,-0.189908,0.00686025,0.190032
421,0.421,-0.189955,0.00686383,0.190079
422,0.422,-0.190002,0.00686738,0.190126
423,0.423,-0.190048,0.00687089,0.190172
424,0.424,-0.190093,0.00687435,0.190218
425,0.425,-0.190139,0.00687779,0.190263
426,0.426,-0.190183,0.00688118,0.190308
427,0.427,-0.190228,0.00688453,0.190352
428,0.428,-0.190272,0.00688785,0.190396
429,0.429,-0.190315,0.00689113,0.19044
430,0.43,-0.190359,0.00689437,0.190483
431,0.431,-0.190401,0.00689758,0.190526
432,0.432,-0.190444,0.00690075,0.190569
433,0.433,-0.190486,0.00690388,0.190611
434,0.434,-0.190527,0.00690698,0.190652
435,0.435,-0.190568,0.00691004,0.190694
436,0.436,-0.190609,0.00691307,0.190735
437,0.437,-0.19065,0.00691606,0.190775
438,0.438,-0.19069,0.00691902,0.190815
439,0.439,-0.190729,0.00692195,0.190855
440,0.44,-0.190769,0.00692484,0.190894
441,0.441,-0.190808,0.0069277,0.190933
442,0.442,-0.190846,0.00693052,0.190972
443,0.443,-0.190885,0.00693331,0.19101
444,0.444,-0.190923,0.00693607,0.191048
445,0.445,-0.19096,0.0069388,0.191086
446,0.446,-0.190997,0.00694149,0.191123
447,0.447,-0.191034,0.00694416,0.19116
448,0.448,-0.191071,0.00694679,0.191197
449,0.449,-0.191107,0.00694939,0.191233
450,0.45,-0.191143,0.00695196,0.191269
451,0.451,-0.191178,0.00695449,0.191305
452,0.452,-0.191213,0.006957,0.19134
453,0.453,-0.191248,0.00695948,0.191375
454,0.454,-0.191283,0.00696193,0.191409
455,0.455,-0.191317,0.00696435,0.191443
456,0.456,-0.191351,0.00696674,0.191477
457,0.457,-0.191384,0.0069691,0.191511
458,0.458,-0.191417,0.00697143,0.191544
459,0.459,-0.19145,0.00697373,0.191577
460,0.46,-0.191483,0.006976,0.19161
461,0.461,-0.191515,0.00697825,0.191642
462,0.462,-0.191547,0.00698047,0.191675
463,0.463,-0.191579,0.00698266,0.191706
464,0.464,-0.191611,0.00698482,0.191738
465,0.465,-0.191642,0.00698696,0.191769
466,0.466,-0.191673,0.00698907,0.1918
467,0.467,-0.191703,0.00699115,0.191831
468,0.468,-0.191733,0.00699321,0.191861
469,0.469,-0.191763,0.00699524,0.191891
470,0.47,-0.191793,0.00699725,0.191921
471,0.471,-0.191823,0.00699923,0.19195
472,0.472,-0.191852,0.00700118,0.19198
473,0.473,-0.191881,0.00700311,0.192009
474,0.474,-0.191909,0.00700501,0.192037
475,0.475,-0.191938,0.00700689,0.192066
476,0.476,-0.191966,0.00700875,0.192094
477,0.477,-0.191994,0.00701058,0.192122
478,0.478,-0.192021,0.00701239,0.192149
479,0.479,-0.192049,0.00701417,0.192177
480,0.48,-0.192076,0.00701593,0.192204
481,0.481,-0.192103,0.00701767,0.192231
482,0.482,-0.192129,0.00701938,0.192257
483,0.483,-0.192156,0.00702107,0.192284
484,0.484,-0.192182,0.00702274,0.19231
485,0.485,-0.192207,0.00702438,0.192336
486,0.486,-0.192233,0.00702601,0.192361
487,0.487,-0.192258,0.00702761,0.192387
488,0.488,-0.192284,0.00702919,0.192412
489,0.489,-0.192308,0.00703075,0.192437
490,0.49,-0.192333,0.00703228,0.192462
491,0.491,-0.192358,0.0070338,0.192486
492,0.492,-0.192382,0.00703529,0.19251
493,0.493,-0.192406,0.00703676,0.192534
494,0.494,-0.19243,0.00703822,0.192558
495,0.495,-0.192453,0.00703965,0.192582
496,0.496,-0.192476,0.00704106,0.192605
497,0.497,-0.1925,0.00704245,0.192628
498,0.498,-0.192522,0.00704383,0.192651
499,0.499,-0.192545,0.00704518,0.192674
500,0.5,-0.192568,0.00704651,0.192697
501,0.501,-0.19259,0.00704783,0.192719
502,0.502,-0.192612,0.00704912,0.192741
503,0.503,-0.192634,0.0070504,0.192763
504,0.504,-0.192655,0.00705166,0.192784
505,0.505,-0.192677,0.00705289,0.192806
506,0.506,-0.192698,0.00705412,0.192827
507,0.507,-0.192719,0.00705532,0.192848
508,0.508,-0.19274,0.0070565,0.192869
509,0.509,-0.192761,0.00705767,0.19289
510,0.51,-0.192781,0.00705882,0.19291
511,0.511,-0.192801,0.00705995,0.192931
512,0.512,-0.192822,0.00706107,0.192951
513,0.513,-0.192841,0.00706216,0.192971
514,0.514,-0.192861,0.00706324,0.19299
515,0.515,-0.192881,0.00706431,0.19301
516,0.516,-0.1929,0.00706535,0.193029
517,0.517,-0.192919,0.00706639,0.193049
518,0.518,-0.192938,0.0070674,0.193068
519,0.519,-0.192957,0.0070684,0.193086
520,0.52,-0.192976,0.00706938,0.193105
521,0.521,-0.192994,0.00707035,0.193124
522,0.522,-0.193012,0.0070713,0.193142
523,0.523,-0.193031,0.00707223,0.19316
524,0.524,-0.193049,0.00707315,0.193178
525,0.525,-0.193066,0.00707406,0.193196
526,0.526,-0.193084,0.00707495,0.193214
527,0.527,-0.193101,0.00707583,0.193231
528,0.528,-0.193119,0.00707669,0.193248
529,0.529,-0.193136,0.00707753,0.193266
530,0.53,-0.193153,0.00707836,0.193283
531,0.531,-0.19317,0.00707918,0.193299
532,0.532,-0.193186,0.00707999,0.193316
533,0.533,-0.193203,0.00708078,0.193333
534,0.534,-0.193219,0.00708155,0.193349
535,0.535,-0.193235,0.00708231,0.193365
536,0.536,-0.193252,0.00708306,0.193381
537,0.537,-0.193267,0.0070838,0.193397
538,0.538,-0.193283,0.00708452,0.193413
539,0.539,-0.193299,0.00708523,0.193429
540,0.54,-0.193314,0.00708592,0.193444
541,0.541,-0.19333,0.00708661,0.193459
542,0.542,-0.193345,0.00708728,0.193475
543,0.543,-0.19336,0.00708793,0.19349
544,0.544,-0.193375,0.00708858,0.193505
545,0.545,-0.19339,0.00708921,0.193519
546,0.546,-0.193404,0.00708983,0.193534
547,0.547,-0.193419,0.00709044,0.193549
548,0.548,-0.193433,0.00709104,0.193563
549,0.549,-0.193447,0.00709163,0.193577
550,0.55,-0.193461,0.0070922,0.193591
551,0.551,-0.193475,0.00709276,0.193605
552,0.552,-0.193489,0.00709331,0.193619
553,0.553,-0.193503,0.00709385,0.193633
554,0.554,-0.193516,0.00709438,0.193646
555,0.555,-0.19353,0.0070949,0.19366
556,0.556,-0.193543,0.0070954,0.193673
557,0.557,-0.193556,0.0070959,0.193686
558,0.558,-0.193569,0.00709638,0.193699
559,0.559,-0.193582,0.00709686,0.193712
560,0.56,-0.193595,0.00709732,0.193725
561,0.561,-0.193608,0.00709777,0.193738
562,0.562,-0.193621,0.00709822,0.193751
563,0.563,-0.193633,0.00709865,0.193763
564,0.564,-0.193645,0.00709907,0.193775
565,0.565,-0.193658,0.00709948,0.193788
566,0.566,-0.19367,0.00709989,0.1938
567,0.567,-0.193682,0.00710028,0.193812
568,0.568,-0.193694,0.00710066,0.193824
569,0.569,-0.193705,0.00710104,0.193836
570,0.57,-0.193717,0.0071014,0.193847
571,0.571,-0.193729,0.00710176,0.193859
572,0.572,-0.19374,0.00710211,0.19387
573,0.573,-0.193752,0.00710244,0.193882
574,0.574,-0.193763,0.00710277,0.193893
575,0.575,-0.193774,0.00710309,0.193904
576,0.576,-0.193785,0.0071034,0.193915
577,0.577,-0.193796,0.00710371,0.193926
578,0.578,-0.193807,0.007104,0.193937
579,0.579,-0.193818,0.00710429,0.193948
580,0.58,-0.193828,0.00710456,0.193958
581,0.581,-0.193839,0.00710483,0.193969
582,0.582,-0.193849,0.00710509,0.193979
583,0.583,-0.19386,0.00710535,0.19399
584,0.584,-0.19387,0.00710559,0.194
585,0.585,-0.19388,0.00710583,0.19401
586,0.586,-0.19389,0.00710606,0.19402
587,0.587,-0.1939,0.00710628,0.19403
588,0.588,-0.19391,0.00710649,0.19404
589,0.589,-0.19392,0.0071067,0.19405
590,0.59,-0.193929,0.00710689,0.19406
591,0.591,-0.193939,0.00710709,0.194069
592,0.592,-0.193949,0.00710727,0.194079
593,0.593,-0.193958,0.00710745,0.194088
594,0.594,-0.193967,0.00710762,0.194098
595,0.595,-0.193977,0.00710778,0.194107
596,0.596,-0.193986,0.00710793,0.194116
597,0.597,-0.193995,0.00710808,0.194125
598,0.598,-0.194004,0.00710823,0.194134
599,0.599,-0.194013,0.00710836,0.194143
600,0.6,-0.194022,0.00710849,0.194152
601,0.601,-0.19403,0.00710861,0.194161
602,0.602,-0.194039,0.00710873,0.194169
603,0.603,-0.194048,0.00710884,0.194178
604,0.604,-0.194056,0.00710894,0.194186
605,0.605,-0.194065,0.00710904,0.194195
606,0.606,-0.194073,0.00710913,0.194203
607,0.607,-0.194081,0.00710921,0.194211
608,0.608,-0.194089,0.00710929,0.19422
609,0.609,-0.194098,0.00710937,0.194228
610,0.61,-0.194106,0.00710943,0.194236
611,0.611,-0.194114,0.00710949,0.194244
612,0.612,-0.194122,0.00710955,0.194252
613,0.613,-0.194129,0.0071096,0.194259
614,0.614,-0.194137,0.00710964,0.194267
615,0.615,-0.194145,0.00710968,0.194275
616,0.616,-0.194152,0.00710972,0.194283
617,0.617,-0.19416,0.00710974,0.19429
618,0.618,-0.194167,0.00710977,0.194298
619,0.619,-0.194175,0.00710978,0.194305
620,0.62,-0.194182,0.0071098,0.194312
621,0.621,-0.194189,0.0071098,0.19432
622,0.622,-0.194197,0.00710981,0.194327
623,0.623,-0.194204,0.0071098,0.194334
624,0.624,-0.194211,0.0071098,0.194341
625,0.625,-0.194218,0.00710978,0.194348
626,0.626,-0.194225,0.00710977,0.194355
627,0.627,-0.194232,0.00710975,0.194362
628,0.628,-0.194238,0.00710972,0.194368
629,0.629,-0.194245,0.00710969,0.194375
630,0.63,-0.194252,0.00710965,0.194382
631,0.631,-0.194258,0.00710961,0.194389
632,0.632,-0.194265,0.00710957,0.194395
633,0.633,-0.194272,0.00710952,0.194402
634,0.634,-0.194278,0.00710947,0.194408
635,0.635,-0.194284,0.00710941,0.194414
636,0.636,-0.194291,0.00710935,0.194421
637,0.637,-0.194297,0.00710928,0.194427
638,0.638,-0.194303,0.00710921,0.194433
639,0.639,-0.194309,0.00710914,0.194439
640,0.64,-0.194315,0.00710906,0.194445
641,0.641,-0.194321,0.00710898,0.194451
642,0.642,-0.194327,0.0071089,0.194457
643,0.643,-0.194333,0.00710881,0.194463
644,0.644,-0.194339,0.00710871,0.194469
645,0.645,-0.194345,0.00710862,0.194475
646,0.646,-0.194351,0.00710852,0.194481
647,0.647,-0.194356,0.00710841,0.194486
648,0.648,-0.194362,0.00710831,0.194492
649,0.649,-0.194368,0.0071082,0.194498
650,0.65,-0.194373,0.00710808,0.194503
651,0.651,-0.194379,0.00710797,0.194509
652,0.652,-0.194384,0.00710784,0.194514
653,0.653,-0.194389,0.00710772,0.194519
654,0.654,-0.194395,0.00710759,0.194525
655,0.655,-0.1944,0.00710746,0.19453
656,0.656,-0.194405,0.00710733,0.194535
657,0.657,-0.194411,0.00710719,0.19454
658,0.658,-0.194416,0.00710705,0.194546
659,0.659,-0.194421,0.00710691,0.194551
660,0.66,-0.194426,0.00710677,0.194556
661,0.661,-0.194431,0.00710662,0.194561
662,0.662,-0.194436,0.00710647,0.194566
663,0.663,-0.194441,0.00710631,0.194571
664,0.664,-0.194446,0.00710615,0.194575
665,0.665,-0.19445,0.00710599,0.19458
666,0.666,-0.194455,0.00710583,0.194585
667,0.667,-0.19446,0.00710567,0.19459
668,0.668,-0.194465,0.0071055,0.194594
669,0.669,-0.194469,0.00710533,0.194599
670,0.67,-0.194474,0.00710516,0.194604
671,0.671,-0.194478,0.00710498,0.194608
672,0.672,-0.194483,0.0071048,0.194613
673,0.673,-0.194487,0.00710462,0.194617
674,0.674,-0.194492,0.00710444,0.194622
675,0.675,-0.194496,0.00710426,0.194626
676,0.676,-0.194501,0.00710407,0.19463
677,0.677,-0.194505,0.00710388,0.194635
678,0.678,-0.194509,0.00710369,0.194639
679,0.679,-0.194513,0.00710349,0.194643
680,0.68,-0.194518,0.0071033,0.194647
681,0.681,-0.194522,0.0071031,0.194651
682,0.682,-0.194526,0.0071029,0.194655
683,0.683,-0.19453,0.0071027,0.19466
684,0.684,-0.194534,0.00710249,0.194664
685,0.685,-0.194538,0.00710229,0.194668
686,0.686,-0.194542,0.00710208,0.194671
687,0.687,-0.194546,0.00710187,0.194675
688,0.688,-0.19455,0.00710166,0.194679
689,0.689,-0.194554,0.00710144,0.194683
690,0.69,-0.194557,0.00710123,0.194687
691,0.691,-0.194561,0.00710101,0.194691
692,0.692,-0.194565,0.00710079,0.194694
693,0.693,-0.194569,0.00710057,0.194698
694,0.694,-0.194572,0.00710035,0.194702
695,0.695,-0.194576,0.00710012,0.194705
696,0.696,-0.19458,0.0070999,0.194709
697,0.697,-0.194583,0.00709967,0.194713
698,0.698,-0.194587,0.00709944,0.194716
699,0.699,-0.19459,0.00709921,0.19472
700,0.7,-0.194594,0.00709898,0.194723
701,0.701,-0.194597,0.00709875,0.194727
702,0.702,-0.194601,0.00709851,0.19473
703,0.703,-0.194604,0.00709828,0.194733
704,0.704,-0.194607,0.00709804,0.194737
705,0.705,-0.194611,0.0070978,0.19474
706,0.706,-0.194614,0.00709756,0.194743
707,0.707,-0.194617,0.00709732,0.194747
708,0.708,-0.19462,0.00709707,0.19475
709,0.709,-0.194624,0.00709683,0.194753
710,0.71,-0.194627,0.00709659,0.194756
711,0.711,-0.19463,0.00709634,0.194759
712,0.712,-0.194633,0.00709609,0.194762
713,0.713,-0.194636,0.00709584,0.194765
714,0.714,-0.194639,0.00709559,0.194768
715,0.715,-0.194642,0.00709534,0.194771
716,0.716,-0.194645,0.00709509,0.194774
717,0.717,-0.194648,0.00709484,0.194777
718,0.718,-0.194651,0.00709458,0.19478
719,0.719,-0.194654,0.00709433,0.194783
720,0.72,-0.194657,0.00709407,0.194786
721,0.721,-0.19466,0.00709382,0.194789
722,0.722,-0.194663,0.00709356,0.194792
723,0.723,-0.194665,0.0070933,0.194795
724,0.724,-0.194668,0.00709304,0.194797
725,0.725,-0.194671,0.00709278,0.1948
726,0.726,-0.194674,0.00709252,0.194803
727,0.727,-0.194676,0.00709226,0.194806
728,0.728,-0.194679,0.00709199,0.194808
729,0.729,-0.194682,0.00709173,0.194811
730,0.73,-0.194684,0.00709146,0.194813
731,0.731,-0.194687,0.0070912,0.194816
732,0.732,-0.19469,0.00709093,0.194819
733,0.733,-0.194692,0.00709067,0.194821
734,0.734,-0.194695,0.0070904,0.194824
735,0.735,-0.194697,0.00709013,0.194826
736,0.736,-0.1947,0.00708986,0.194829
737,0.737,-0.194702,0.0070896,0.194831
738,0.738,-0.194705,0.00708933,0.194834
739,0.739,-0.194707,0.00708906,0.194836
740,0.74,-0.194709,0.00708879,0.194838
741,0.741,-0.194712,0.00708851,0.194841
742,0.742,-0.194714,0.00708824,0.194843
743,0.743,-0.194716,0.00708797,0.194845
744,0.744,-0.194719,0.0070877,0.194848
745,0.745,-0.194721,0.00708742,0.19485
746,0.746,-0.194723,0.00708715,0.194852
747,0.747,-0.194726,0.00708688,0.194855
748,0.748,-0.194728,0.0070866,0.194857
749,0.749,-0.19473,0.00708633,0.194859
750,0.75,-0.194732,0.00708605,0.194861
751,0.751,-0.194734,0.00708578,0.194863
752,0.752,-0.194737,0.0070855,0.194865
753,0.753,-0.194739,0.00708523,0.194868
754,0.754,-0.194741,0.00708495,0.19487
755,0.755,-0.194743,0.00708467,0.194872
756,0.756,-0.194745,0.0070844,0.194874
757,0.757,-0.194747,0.00708412,0.194876
758,0.758,-0.194749,0.00708384,0.194878
759,0.759,-0.194751,0.00708356,0.19488
760,0.76,-0.194753,0.00708329,0.194882
761,0.761,-0.194755,0.00708301,0.194884
762,0.762,-0.194757,0.00708273,0.194886
763,0.763,-0.194759,0.00708245,0.194888
764,0.764,-0.194761,0.00708217,0.19489
765,0.765,-0.194763,0.00708189,0.194891
766,0.766,-0.194765,0.00708161,0.194893
767,0.767,-0.194766,0.00708134,0.194895
768,0.768,-0.194768,0.00708106,0.194897
769,0.769,-0.19477,0.00708078,0.194899
770,0.77,-0.194772,0.0070805,0.194901
771,0.771,-0.194774,0.00708022,0.194902
772,0.772,-0.194776,0.00707994,0.194904
773,0.773,-0.194777,0.00707966,0.194906
774,0.774,-0.194779,0.00707938,0.194908
775,0.775,-0.194781,0.0070791,0.194909
776,0.776,-0.194783,0.00707882,0.194911
777,0.777,-0.194784,0.00707854,0.194913
778,0.778,-0.194786,0.00707826,0.194914
779,0.779,-0.194788,0.00707798,0.194916
780,0.78,-0.194789,0.0070777,0.194918
781,0.781,-0.194791,0.00707743,0.194919
782,0.782,-0.194792,0.00707715,0.194921
783,0.783,-0.194794,0.00707687,0.194923
784,0.784,-0.194796,0.00707659,0.194924
785,0.785,-0.194797,0.00707631,0.194926
786,0.786,-0.194799,0.00707603,0.194927
787,0.787,-0.1948,0.00707575,0.194929
788,0.788,-0.194802,0.00707547,0.19493
789,0.789,-0.194803,0.0070752,0.194932
790,0.79,-0.194805,0.00707492,0.194933
791,0.791,-0.194806,0.00707464,0.194935
792,0.792,-0.194808,0.00707436,0.194936
793,0.793,-0.194809,0.00707408,0.194938
794,0.794,-0.194811,0.00707381,0.194939
795,0.795,-0.194812,0.00707353,0.194941
796,0.796,-0.194814,0.00707325,0.194942
797,0.797,-0.194815,0.00707297,0.194944
798,0.798,-0.194817,0.0070727,0.194945
799,0.799,-0.194818,0.00707242,0.194946
800,0.8,-0.194819,0.00707215,0.194948
801,0.801,-0.194821,0.00707187,0.194949
802,0.802,-0.194822,0.00707159,0.19495
803,0.803,-0.194823,0.00707132,0.194952
804,0.804,-0.194825,0.00707104,0.194953
805,0.805,-0.194826,0.00707077,0.194954
806,0.806,-0.194827,0.00707049,0.194956
807,0.807,-0.194829,0.00707022,0.194957
808,0.808,-0.19483,0.00706995,0.194958
809,0.809,-0.194831,0.00706967,0.194959
810,0.81,-0.194832,0.0070694,0.194961
811,0.811,-0.194834,0.00706913,0.194962
812,0.812,-0.194835,0.00706885,0.194963
813,0.813,-0.194836,0.00706858,0.194964
814,0.814,-0.194837,0.00706831,0.194965
815,0.815,-0.194839,0.00706804,0.194967
816,0.816,-0.19484,0.00706777,0.194968
817,0.817,-0.194841,0.0070675,0.194969
818,0.818,-0.194842,0.00706723,0.19497
819,0.819,-0.194843,0.00706696,0.194971
820,0.82,-0.194844,0.00706669,0.194972
821,0.821,-0.194845,0.00706642,0.194974
822,0.822,-0.194847,0.00706615,0.194975
823,0.823,-0.194848,0.00706588,0.194976
824,0.824,-0.194849,0.00706561,0.194977
825,0.825,-0.19485,0.00706534,0.194978
826,0.826,-0.194851,0.00706508,0.194979
827,0.827,-0.194852,0.00706481,0.19498
828,0.828,-0.194853,0.00706454,0.194981
829,0.829,-0.194854,0.00706428,0.194982
830,0.83,-0.194855,0.00706401,0.194983
831,0.831,-0.194856,0.00706375,0.194984
832,0.832,-0.194857,0.00706348,0.194985
833,0.833,-0.194858,0.00706322,0.194986
834,0.834,-0.194859,0.00706296,0.194987
835,0.835,-0.19486,0.00706269,0.194988
836,0.836,-0.194861,0.00706243,0.194989
837,0.837,-0.194862,0.00706217,0.19499
838,0.838,-0.194863,0.00706191,0.194991
839,0.839,-0.194864,0.00706165,0.194992
840,0.84,-0.194865,0.00706139,0.194993
841,0.841,-0.194866,0.00706113,0.194994
842,0.842,-0.194867,0.00706087,0.194995
843,0.843,-0.194868,0.00706061,0.194996
844,0.844,-0.194869,0.00706035,0.194997
845,0.845,-0.19487,0.00706009,0.194998
846,0.846,-0.194871,0.00705983,0.194998
847,0.847,-0.194872,0.00705958,0.194999
848,0.848,-0.194872,0.00705932,0.195
849,0.849,-0.194873,0.00705907,0.195001
850,0.85,-0.194874,0.00705881,0.195002
851,0.851,-0.194875,0.00705856,0.195003
852,0.852,-0.194876,0.0070583,0.195004
853,0.853,-0.194877,0.00705805,0.195005
854,0.854,-0.194878,0.00705779,0.195005
855,0.855,-0.194878,0.00705754,0.195006
856,0.856,-0.194879,0.00705729,0.195007
857,0.857,-0.19488,0.00705704,0.195008
858,0.858,-0.194881,0.00705679,0.195009
859,0.859,-0.194882,0.00705654,0.195009
860,0.86,-0.194882,0.00705629,0.19501
861,0.861,-0.194883,0.00705604,0.195011
862,0.862,-0.194884,0.00705579,0.195012
863,0.863,-0.194885,0.00705554,0.195012
864,0.864,-0.194886,0.0070553,0.195013
865,0.865,-0.194886,0.00705505,0.195014
866,0.866,-0.194887,0.0070548,0.195015
867,0.867,-0.194888,0.00705456,0.195015
868,0.868,-0.194888,0.00705431,0.195016
869,0.869,-0.194889,0.00705407,0.195017
870,0.87,-0.19489,0.00705382,0.195018
871,0.871,-0.194891,0.00705358,0.195018
872,0.872,-0.194891,0.00705334,0.195019
873,0.873,-0.194892,0.0070531,0.19502
874,0.874,-0.194893,0.00705286,0.19502
875,0.875,-0.194893,0.00705261,0.195021
876,0.876,-0.194894,0.00705237,0.195022
877,0.877,-0.194895,0.00705214,0.195022
878,0.878,-0.194895,0.0070519,0.195023
879,0.879,-0.194896,0.00705166,0.195024
880,0.88,-0.194897,0.00705142,0.195024
881,0.881,-0.194897,0.00705118,0.195025
882,0.882,-0.194898,0.00705095,0.195026
883,0.883,-0.194899,0.00705071,0.195026
884,0.884,-0.194899,0.00705048,0.195027
885,0.885,-0.1949,0.00705024,0.195027
886,0.886,-0.194901,0.00705001,0.195028
887,0.887,-0.194901,0.00704978,0.195029
888,0.888,-0.194902,0.00704954,0.195029
889,0.889,-0.194902,0.00704931,0.19503
890,0.89,-0.194903,0.00704908,0.195031
891,0.891,-0.194904,0.00704885,0.195031
892,0.892,-0.194904,0.00704862,0.195032
893,0.893,-0.194905,0.00704839,0.195032
894,0.894,-0.194905,0.00704816,0.195033
895,0.895,-0.194906,0.00704793,0.195033
896,0.896,-0.194907,0.00704771,0.195034
897,0.897,-0.194907,0.00704748,0.195034
898,0.898,-0.194908,0.00704725,0.195035
899,0.899,-0.194908,0.00704703,0.195036
900,0.9,-0.194909,0.0070468,0.195036
901,0.901,-0.194909,0.00704658,0.195037
902,0.902,-0.19491,0.00704636,0.195037
903,0.903,-0.19491,0.00704613,0.195038
904,0.904,-0.194911,0.00704591,0.195038
905,0.905,-0.194911,0.00704569,0.195039
906,0.906,-0.194912,0.00704547,0.195039
907,0.907,-0.194912,0.00704525,0.19504
908,0.908,-0.194913,0.00704503,0.19504
909,0.909,-0.194913,0.00704481,0.195041
910,0.91,-0.194914,0.00704459,0.195041
911,0.911,-0.194914,0.00704438,0.195042
912,0.912,-0.194915,0.00704416,0.195042
913,0.913,-0.194915,0.00704394,0.195043
914,0.914,-0.194916,0.00704373,0.195043
915,0.915,-0.194916,0.00704351,0.195044
916,0.916,-0.194917,0.0070433,0.195044
917,0.917,-0.194917,0.00704309,0.195045
918,0.918,-0.194918,0.00704287,0.195045
919,0.919,-0.194918,0.00704266,0.195045
920,0.92,-0.194919,0.00704245,0.195046
921,0.921,-0.194919,0.00704224,0.195046
922,0.922,-0.19492,0.00704203,0.195047
923,0.923,-0.19492,0.00704182,0.195047
924,0.924,-0.194921,0.00704161,0.195048
925,0.925,-0.194921,0.0070414,0.195048
926,0.926,-0.194921,0.0070412,0.195049
927,0.927,-0.194922,0.00704099,0.195049
928,0.928,-0.194922,0.00704078,0.195049
929,0.929,-0.194923,0.00704058,0.19505
930,0.93,-0.194923,0.00704037,0.19505
931,0.931,-0.194924,0.00704017,0.195051
932,0.932,-0.194924,0.00703997,0.195051
933,0.933,-0.194924,0.00703976,0.195051
934,0.934,-0.194925,0.00703956,0.195052
935,0.935,-0.194925,0.00703936,0.195052
936,0.936,-0.194926,0.00703916,0.195053
937,0.937,-0.194926,0.00703896,0.195053
938,0.938,-0.194926,0.00703876,0.195053
939,0.939,-0.194927,0.00703856,0.195054
940,0.94,-0.194927,0.00703836,0.195054
941,0.941,-0.194927,0.00703817,0.195054
942,0.942,-0.194928,0.00703797,0.195055
943,0.943,-0.194928,0.00703777,0.195055
944,0.944,-0.194929,0.00703758,0.195056
945,0.945,-0.194929,0.00703738,0.195056
946,0.946,-0.194929,0.00703719,0.195056
947,0.947,-0.19493,0.007037,0.195057
948,0.948,-0.19493,0.0070368,0.195057
949,0.949,-0.19493,0.00703661,0.195057
950,0.95,-0.194931,0.00703642,0.195058
951,0.951,-0.194931,0.00703623,0.195058
952,0.952,-0.194931,0.00703604,0.195058
953,0.953,-0.194932,0.00703585,0.195059
954,0.954,-0.194932,0.00703566,0.195059
955,0.955,-0.194932,0.00703547,0.195059
956,0.956,-0.194933,0.00703528,0.19506
957,0.957,-0.194933,0.0070351,0.19506
958,0.958,-0.194933,0.00703491,0.19506
959,0.959,-0.194934,0.00703473,0.195061
960,0.96,-0.194934,0.00703454,0.195061
961,0.961,-0.194934,0.00703436,0.195061
962,0.962,-0.194935,0.00703417,0.195061
963,0.963,-0.194935,0.00703399,0.195062
964,0.964,-0.194935,0.00703381,0.195062
965,0.965,-0.194936,0.00703363,0.195062
966,0.966,-0.194936,0.00703345,0.195063
967,0.967,-0.194936,0.00703327,0.195063
968,0.968,-0.194936,0.00703309,0.195063
969,0.969,-0.194937,0.00703291,0.195064
970,0.97,-0.194937,0.00703273,0.195064
971,0.971,-0.194937,0.00703255,0.195064
972,0.972,-0.194938,0.00703237,0.195064
973,0.973,-0.194938,0.0070322,0.195065
974,0.974,-0.194938,0.00703202,0.195065
975,0.975,-0.194938,0.00703185,0.195065
976,0.976,-0.194939,0.00703167,0.195065
977,0.977,-0.194939,0.0070315,0.195066
978,0.978,-0.194939,0.00703133,0.195066
979,0.979,-0.194939,0.00703115,0.195066
980,0.98,-0.19494,0.00703098,0.195066
981,0.981,-0.19494,0.00703081,0.195067
982,0.982,-0.19494,0.00703064,0.195067
983,0.983,-0.194941,0.00703047,0.195067
984,0.984,-0.194941,0.0070303,0.195068
985,0.985,-0.194941,0.00703013,0.195068
986,0.986,-0.194941,0.00702996,0.195068
987,0.987,-0.194942,0.0070298,0.195068
988,0.988,-0.194942,0.00702963,0.195068
989,0.989,-0.194942,0.00702946,0.195069
990,0.99,-0.194942,0.0070293,0.195069
991,0.991,-0.194942,0.00702913,0.195069
992,0.992,-0.194943,0.00702897,0.195069
993,0.993,-0.194943,0.0070288,0.19507
994,0.994,-0.194943,0.00702864,0.19507
995,0.995,-0.194943,0.00702848,0.19507
996,0.996,-0.194944,0.00702832,0.19507
997,0.997,-0.194944,0.00702815,0.195071
998,0.998,-0.194944,0.00702799,0.195071
999,0.999,-0.194944,0.00702783,0.195071
1000,1,-0.194945,0.00702767,0.195071
1001,1.001,-0.194945,0.00702752,0.195071
1002,1.002,-0.194945,0.00702736,0.195072
1003,1.003,-0.194945,0.0070272,0.195072
1004,1.004,-0.194945,0.00702704,0.195072
1005,1.005,-0.194946,0.00702689,0.195072
1006,1.006,-0.194946,0.00702673,0.195072
1007,1.007,-0.194946,0.00702658,0.195073
1008,1.008,-0.194946,0.00702642,0.195073
1009,1.009,-0.194946,0.00702627,0.195073
1010,1.01,-0.194947,0.00702611,0.195073
1011,1.011,-0.194947,0.00702596,0.195073
1012,1.012,-0.194947,0.00702581,0.195074
1013,1.013,-0.194947,0.00702566,0.195074
1014,1.014,-0.194947,0.00702551,0.195074
1015,1.015,-0.194948,0.00702536,0.195074
1016,1.016,-0.194948,0.00702521,0.195074
1017,1.017,-0.194948,0.00702506,0.195075
1018,1.018,-0.194948,0.00702491,0.195075
1019,1.019,-0.194948,0.00702476,0.195075
1020,1.02,-0.194949,0.00702461,0.195075
1021,1.021,-0.194949,0.00702447,0.195075
1022,1.022,-0.194949,0.00702432,0.195075
1023,1.023,-0.194949,0.00702417,0.195076
1024,1.024,-0.194949,0.00702403,0.195076
1025,1.025,-0.194949,0.00702388,0.195076
1026,1.026,-0.19495,0.00702374,0.195076
1027,1.027,-0.19495,0.0070236,0.195076
1028,1.028,-0.19495,0.00702345,0.195076
1029,1.029,-0.19495,0.00702331,0.195077
1030,1.03,-0.19495,0.00702317,0.195077
1031,1.031,-0.19495,0.00702303,0.195077
1032,1.032,-0.194951,0.00702289,0.195077
1033,1.033,-0.194951,0.00702275,0.195077
1034,1.034,-0.194951,0.00702261,0.195077
1035,1.035,-0.194951,0.00702247,0.195078
1036,1.036,-0.194951,0.00702233,0.195078
1037,1.037,-0.194951,0.00702219,0.195078
1038,1.038,-0.194952,0.00702206,0.195078
1039,1.039,-0.194952,0.00702192,0.195078
1040,1.04,-0.194952,0.00702179,0.195078
1041,1.041,-0.194952,0.00702165,0.195078
1042,1.042,-0.194952,0.00702151,0.195079
1043,1.043,-0.194952,0.00702138,0.195079
1044,1.044,-0.194953,0.00702125,0.195079
1045,1.045,-0.194953,0.00702111,0.195079
1046,1.046,-0.194953,0.00702098,0.195079
1047,1.047,-0.194953,0.00702085,0.195079
1048,1.048,-0.194953,0.00702072,0.195079
1049,1.049,-0.194953,0.00702059,0.19508
1050,1.05,-0.194953,0.00702045,0.19508
1051,1.051,-0.194954,0.00702032,0.19508
1052,1.052,-0.194954,0.0070202,0.19508
1053,1.053,-0.194954,0.00702007,0.19508
1054,1.054,-0.194954,0.00701994,0.19508
1055,1.055,-0.194954,0.00701981,0.19508
1056,1.056,-0.194954,0.00701968,0.195081
1057,1.057,-0.194954,0.00701956,0.195081
1058,1.058,-0.194954,0.00701943,0.195081
1059,1.059,-0.194955,0.0070193,0.195081
1060,1.06,-0.194955,0.00701918,0.195081
1061,1.061,-0.194955,0.00701905,0.195081
1062,1.062,-0.194955,0.00701893,0.195081
1063,1.063,-0.194955,0.00701881,0.195081
1064,1.064,-0.194955,0.00701868,0.195082
1065,1.065,-0.194955,0.00701856,0.195082
1066,1.066,-0.194955,0.00701844,0.195082
1067,1.067,-0.194956,0.00701832,0.195082
1068,1.068,-0.194956,0.0070182,0.195082
1069,1.069,-0.194956,0.00701807,0.195082
1070,1.07,-0.194956,0.00701795,0.195082
1071,1.071,-0.194956,0.00701784,0.195082
1072,1.072,-0.194956,0.00701772,0.195082
1073,1.073,-0.194956,0.0070176,0.195083
1074,1.074,-0.194956,0.00701748,0.195083
1075,1.075,-0.194957,0.00701736,0.195083
1076,1.076,-0.194957,0.00701724,0.195083
1077,1.077,-0.194957,0.00701713,0.195083
1078,1.078,-0.194957,0.00701701,0.195083
1079,1.079,-0.194957,0.0070169,0.195083
1080,1.08,-0.194957,0.00701678,0.195083
1081,1.081,-0.194957,0.00701667,0.195083
1082,1.082,-0.194957,0.00701655,0.195084
1083,1.083,-0.194957,0.00701644,0.195084
1084,1.084,-0.194957,0.00701633,0.195084
1085,1.085,-0.194958,0.00701621,0.195084
1086,1.086,-0.194958,0.0070161,0.195084
1087,1.087,-0.194958,0.00701599,0.195084
1088,1.088,-0.194958,0.00701588,0.195084
1089,1.089,-0.194958,0.00701577,0.195084
1090,1.09,-0.194958,0.00701566,0.195084
1091,1.091,-0.194958,0.00701555,0.195084
1092,1.092,-0.194958,0.00701544,0.195084
1093,1.093,-0.194958,0.00701533,0.195085
1094,1.094,-0.194958,0.00701522,0.195085
1095,1.095,-0.194959,0.00701511,0.195085
1096,1.096,-0.194959,0.00701501,0.195085
1097,1.097,-0.194959,0.0070149,0.195085
1098,1.098,-0.194959,0.00701479,0.195085
1099,1.099,-0.194959,0.00701469,0.195085
1100,1.1,-0.194959,0.00701458,0.195085
1101,1.101,-0.194959,0.00701447,0.195085
1102,1.102,-0.194959,0.00701437,0.195085
1103,1.103,-0.194959,0.00701427,0.195085
1104,1.104,-0.194959,0.00701416,0.195086
1105,1.105,-0.194959,0.00701406,0.195086
1106,1.106,-0.19496,0.00701396,0.195086
1107,1.107,-0.19496,0.00701385,0.195086
1108,1.108,-0.19496,0.00701375,0.195086
1109,1.109,-0.19496,0.00701365,0.195086
1110,1.11,-0.19496,0.00701355,0.195086
1111,1.111,-0.19496,0.00701345,0.195086
1112,1.112,-0.19496,0.00701335,0.195086
1113,1.113,-0.19496,0.00701325,0.195086
1114,1.114,-0.19496,0.00701315,0.195086
1115,1.115,-0.19496,0.00701305,0.195086
1116,1.116,-0.19496,0.00701295,0.195086
1117,1.117,-0.19496,0.00701285,0.195087
1118,1.118,-0.194961,0.00701276,0.195087
1119,1.119,-0.194961,0.00701266,0.195087
1120,1.12,-0.194961,0.00701256,0.195087
1121,1.121,-0.194961,0.00701247,0.195087
1122,1.122,-0.194961,0.00701237,0.195087
1123,1.123,-0.194961,0.00701227,0.195087
1124,1.124,-0.194961,0.00701218,0.195087
1125,1.125,-0.194961,0.00701209,0.195087
1126,1.126,-0.194961,0.00701199,0.195087
1127,1.127,-0.194961,0.0070119,0.195087
1128,1.128,-0.194961,0.0070118,0.195087
1129,1.129,-0.194961,0.00701171,0.195087
1130,1.13,-0.194961,0.00701162,0.195087
1131,1.131,-0.194961,0.00701153,0.195088
1132,1.132,-0.194962,0.00701143,0.195088
1133,1.133,-0.194962,0.00701134,0.195088
1134,1.134,-0.194962,0.00701125,0.195088
1135,1.135,-0.194962,0.00701116,0.195088
1136,1.136,-0.194962,0.00701107,0.195088
1137,1.137,-0.194962,0.00701098,0.195088
1138,1.138,-0.194962,0.00701089,0.195088
1139,1.139,-0.194962,0.0070108,0.195088
1140,1.14,-0.194962,0.00701072,0.195088
1141,1.141,-0.194962,0.00701063,0.195088
1142,1.142,-0.194962,0.00701054,0.195088
1143,1.143,-0.194962,0.00701045,0.195088
1144,1.144,-0.194962,0.00701037,0.195088
1145,1.145,-0.194962,0.00701028,0.195088
1146,1.146,-0.194962,0.00701019,0.195088
1147,1.147,-0.194962,0.00701011,0.195088
1148,1.148,-0.194963,0.00701002,0.195089
1149,1.149,-0.194963,0.00700994,0.195089
1150,1.15,-0.194963,0.00700985,0.195089
1151,1.151,-0.194963,0.00700977,0.195089
1152,1.152,-0.194963,0.00700969,0.195089
1153,1.153,-0.194963,0.0070096,0.195089
1154,1.154,-0.194963,0.00700952,0.195089
1155,1.155,-0.194963,0.00700944,0.195089
1156,1.156,-0.194963,0.00700935,0.195089
1157,1.157,-0.194963,0.00700927,0.195089
1158,1.158,-0.194963,0.00700919,0.195089
1159,1.159,-0.194963,0.00700911,0.195089
1160,1.16,-0.194963,0.00700903,0.195089
1161,1.161,-0.194963,0.00700895,0.195089
1162,1.162,-0.194963,0.00700887,0.195089
1163,1.163,-0.194963,0.00700879,0.195089
1164,1.164,-0.194963,0.00700871,0.195089
1165,1.165,-0.194963,0.00700863,0.195089
1166,1.166,-0.194964,0.00700855,0.195089
1167,1.167,-0.194964,0.00700847,0.19509
1168,1.168,-0.194964,0.00700839,0.19509
1169,1.169,-0.194964,0.00700832,0.19509
1170,1.17,-0.194964,0.00700824,0.19509
1171,1.171,-0.194964,0.00700816,0.19509
1172,1.172,-0.194964,0.00700809,0.19509
1173,1.173,-0.194964,0.00700801,0.19509
1174,1.174,-0.194964,0.00700793,0.19509
1175,1.175,-0.194964,0.00700786,0.19509
1176,1.176,-0.194964,0.00700778,0.19509
1177,1.177,-0.194964,0.00700771,0.19509
1178,1.178,-0.194964,0.00700764,0.19509
1179,1.179,-0.194964,0.00700756,0.19509
1180,1.18,-0.194964,0.00700749,0.19509
1181,1.181,-0.194964,0.00700741,0.19509
1182,1.182,-0.194964,0.00700734,0.19509
1183,1.183,-0.194964,0.00700727,0.19509
1184,1.184,-0.194964,0.0070072,0.19509
1185,1.185,-0.194964,0.00700712,0.19509
1186,1.186,-0.194964,0.00700705,0.19509
1187,1.187,-0.194964,0.00700698,0.19509
1188,1.188,-0.194965,0.00700691,0.19509
1189,1.189,-0.194965,0.00700684,0.19509
1190,1.19,-0.194965,0.00700677,0.19509
1191,1.191,-0.194965,0.0070067,0.195091
1192,1.192,-0.194965,0.00700663,0.195091
1193,1.193,-0.194965,0.00700656,0.195091
1194,1.194,-0.194965,0.00700649,0.195091
1195,1.195,-0.194965,0.00700642,0.195091
1196,1.196,-0.194965,0.00700635,0.195091
1197,1.197,-0.194965,0.00700629,0.195091
1198,1.198,-0.194965,0.00700622,0.195091
1199,1.199,-0.194965,0.00700615,0.195091
1200,1.2,-0.194965,0.00700608,0.195091
1201,1.201,-0.194965,0.00700602,0.195091
1202,1.202,-0.194965,0.00700595,0.195091
1203,1.203,-0.194965,0.00700588,0.195091
1204,1.204,-0.194965,0.00700582,0.195091
1205,1.205,-0.194965,0.00700575,0.195091
1206,1.206,-0.194965,0.00700569,0.195091
1207,1.207,-0.194965,0.00700562,0.195091
1208,1.208,-0.194965,0.00700556,0.195091
1209,1.209,-0.194965,0.00700549,0.195091
1210,1.21,-0.194965,0.00700543,0.195091
1211,1.211,-0.194965,0.00700536,0.195091
1212,1.212,-0.194965,0.0070053,0.195091
1213,1.213,-0.194965,0.00700524,0.195091
1214,1.214,-0.194966,0.00700517,0.195091
1215,1.215,-0.194966,0.00700511,0.195091
1216,1.216,-0.194966,0.00700505,0.195091
1217,1.217,-0.194966,0.00700499,0.195091
1218,1.218,-0.194966,0.00700493,0.195091
1219,1.219,-0.194966,0.00700486,0.195091
1220,1.22,-0.194966,0.0070048,0.195091
1221,1.221,-0.194966,0.00700474,0.195092
1222,1.222,-0.194966,0.00700468,0.195092
1223,1.223,-0.194966,0.00700462,0.195092
1224,1.224,-0.194966,0.00700456,0.195092
1225,1.225,-0.194966,0.0070045,0.195092
1226,1.226,-0.194966,0.00700444,0.195092
1227,1.227,-0.194966,0.00700438,0.195092
1228,1.228,-0.194966,0.00700432,0.195092
1229,1.229,-0.194966,0.00700427,0.195092
1230,1.23,-0.194966,0.00700421,0.195092
1231,1.231,-0.194966,0.00700415,0.195092
1232,1.232,-0.194966,0.00700409,0.195092
1233,1.233,-0.194966,0.00700403,0.195092
1234,1.234,-0.194966,0.00700398,0.195092
1235,1.235,-0.194966,0.00700392,0.195092
1236,1.236,-0.194966,0.00700386,0.195092
1237,1.237,-0.194966,0.00700381,0.195092
1238,1.238,-0.194966,0.00700375,0.195092
1239,1.239,-0.194966,0.00700369,0.195092
1240,1.24,-0.194966,0.00700364,0.195092
1241,1.241,-0.194966,0.00700358,0.195092
1242,1.242,-0.194966,0.00700353,0.195092
1243,1.243,-0.194966,0.00700347,0.195092
1244,1.244,-0.194966,0.00700342,0.195092
1245,1.245,-0.194966,0.00700336,0.195092
1246,1.246,-0.194966,0.00700331,0.195092
1247,1.247,-0.194966,0.00700326,0.195092
1248,1.248,-0.194966,0.0070032,0.195092
1249,1.249,-0.194967,0.00700315,0.195092
1250,1.25,-0.194967,0.0070031,0.195092
1251,1.251,-0.194967,0.00700304,0.195092
1252,1.252,-0.194967,0.00700299,0.195092
1253,1.253,-0.194967,0.00700294,0.195092
1254,1.254,-0.194967,0.00700289,0.195092
1255,1.255,-0.194967,0.00700283,0.195092
1256,1.256,-0.194967,0.00700278,0.195092
1257,1.257,-0.194967,0.00700273,0.195092
1258,1.258,-0.194967,0.00700268,0.195092
1259,1.259,-0.194967,0.00700263,0.195092
1260,1.26,-0.194967,0.00700258,0.195092
1261,1.261,-0.194967,0.00700253,0.195093
1262,1.262,-0.194967,0.00700248,0.195093
1263,1.263,-0.194967,0.00700243,0.195093
1264,1.264,-0.194967,0.00700238,0.195093
1265,1.265,-0.194967,0.00700233,0.195093
1266,1.266,-0.194967,0.00700228,0.195093
1267,1.267,-0.194967,0.00700223,0.195093
1268,1.268,-0.194967,0.00700218,0.195093
1269,1.269,-0.194967,0.00700214,0.195093
1270,1.27,-0.194967,0.00700209,0.195093
1271,1.271,-0.194967,0.00700204,0.195093
1272,1.272,-0.194967,0.00700199,0.195093
1273,1.273,-0.194967,0.00700194,0.195093
1274,1.274,-0.194967,0.0070019,0.195093
1275,1.275,-0.194967,0.00700185,0.195093
1276,1.276,-0.194967,0.0070018,0.195093
1277,1.277,-0.194967,0.00700176,0.195093
1278,1.278,-0.194967,0.00700171,0.195093
1279,1.279,-0.194967,0.00700166,0.195093
1280,1.28,-0.194967,0.00700162,0.195093
1281,1.281,-0.194967,0.00700157,0.195093
1282,1.282,-0.194967,0.00700153,0.195093
1283,1.283,-0.194967,0.00700148,0.195093
1284,1.284,-0.194967,0.00700144,0.195093
1285,1.285,-0.194967,0.00700139,0.195093
1286,1.286,-0.194967,0.00700135,0.195093
1287,1.287,-0.194967,0.0070013,0.195093
1288,1.288,-0.194967,0.00700126,0.195093
1289,1.289,-0.194967,0.00700121,0.195093
1290,1.29,-0.194967,0.00700117,0.195093
1291,1.291,-0.194967,0.00700113,0.195093
1292,1.292,-0.194967,0.00700108,0.195093
1293,1.293,-0.194967,0.00700104,0.195093
1294,1.294,-0.194967,0.007001,0.195093
1295,1.295,-0.194967,0.00700095,0.195093
1296,1.296,-0.194967,0.00700091,0.195093
1297,1.297,-0.194967,0.00700087,0.195093
1298,1.298,-0.194968,0.00700083,0.195093
1299,1.299,-0.194968,0.00700079,0.195093
1300,1.3,-0.194968,0.00700074,0.195093
1301,1.301,-0.194968,0.0070007,0.195093
1302,1.302,-0.194968,0.00700066,0.195093
1303,1.303,-0.194968,0.00700062,0.195093
1304,1.304,-0.194968,0.00700058,0.195093
1305,1.305,-0.194968,0.00700054,0.195093
1306,1.306,-0.194968,0.0070005,0.195093
1307,1.307,-0.194968,0.00700046,0.195093
1308,1.308,-0.194968,0.00700042,0.195093
1309,1.309,-0.194968,0.00700038,0.195093
1310,1.31,-0.194968,0.00700034,0.195093
1311,1.311,-0.194968,0.0070003,0.195093
1312,1.312,-0.194968,0.00700026,0.195093
1313,1.313,-0.194968,0.00700022,0.195093
1314,1.314,-0.194968,0.00700018,0.195093
1315,1.315,-0.194968,0.00700014,0.195093
1316,1.316,-0.194968,0.0070001,0.195093
1317,1.317,-0.194968,0.00700007,0.195093
1318,1.318,-0.194968,0.00700003,0.195093
1319,1.319,-0.194968,0.00699999,0.195093
1320,1.32,-0.194968,0.00699995,0.195093
1321,1.321,-0.194968,0.00699991,0.195093
1322,1.322,-0.194968,0.00699988,0.195093
1323,1.323,-0.194968,0.00699984,0.195093
1324,1.324,-0.194968,0.0069998,0.195094
1325,1.325,-0.194968,0.00699977,0.195094
1326,1.326,-0.194968,0.00699973,0.195094
1327,1.327,-0.194968,0.00699969,0.195094
1328,1.328,-0.194968,0.00699966,0.195094
1329,1.329,-0.194968,0.00699962,0.195094
1330,1.33,-0.194968,0.00699958,0.195094
1331,1.331,-0.194968,0.00699955,0.195094
1332,1.332,-0.194968,0.00699951,0.195094
1333,1.333,-0.194968,0.00699948,0.195094
1334,1.334,-0.194968,0.00699944,0.195094
1335,1.335,-0.194968,0.00699941,0.195094
1336,1.336,-0.194968,0.00699937,0.195094
1337,1.337,-0.194968,0.00699934,0.195094
1338,1.338,-0.194968,0.0069993,0.195094
1339,1.339,-0.194968,0.00699927,0.195094
1340,1.34,-0.194968,0.00699923,0.195094
1341,1.341,-0.194968,0.0069992,0.195094
1342,1.342,-0.194968,0.00699917,0.195094
1343,1.343,-0.194968,0.00699913,0.195094
1344,1.344,-0.194968,0.0069991,0.195094
1345,1.345,-0.194968,0.00699906,0.195094
1346,1.346,-0.194968,0.00699903,0.195094
1347,1.347,-0.194968,0.006999,0.195094
1348,1.348,-0.194968,0.00699897,0.195094
1349,1.349,-0.194968,0.00699893,0.195094
1350,1.35,-0.194968,0.0069989,0.195094
1351,1.351,-0.194968,0.00699887,0.195094
1352,1.352,-0.194968,0.00699884,0.195094
1353,1.353,-0.194968,0.0069988,0.195094
1354,1.354,-0.194968,0.00699877,0.195094
1355,1.355,-0.194968,0.00699874,0.195094
1356,1.356,-0.194968,0.00699871,0.195094
1357,1.357,-0.194968,0.00699868,0.195094
1358,1.358,-0.194968,0.00699864,0.195094
1359,1.359,-0.194968,0.00699861,0.195094
1360,1.36,-0.194968,0.00699858,0.195094
1361,1.361,-0.194968,0.00699855,0.195094
1362,1.362,-0.194968,0.00699852,0.195094
1363,1.363,-0.194968,0.00699849,0.195094
1364,1.364,-0.194968,0.00699846,0.195094
1365,1.365,-0.194968,0.00699843,0.195094
1366,1.366,-0.194968,0.0069984,0.195094
1367,1.367,-0.194968,0.00699837,0.195094
1368,1.368,-0.194968,0.00699834,0.195094
1369,1.369,-0.194968,0.00699831,0.195094
1370,1.37,-0.194968,0.00699828,0.195094
1371,1.371,-0.194968,0.00699825,0.195094
1372,1.372,-0.194968,0.00699822,0.195094
1373,1.373,-0.194968,0.00699819,0.195094
1374,1.374,-0.194968,0.00699816,0.195094
1375,1.375,-0.194968,0.00699813,0.195094
1376,1.376,-0.194968,0.00699811,0.195094
1377,1.377,-0.194968,0.00699808,0.195094
1378,1.378,-0.194968,0.00699805,0.195094
1379,1.379,-0.194968,0.00699802,0.195094
1380,1.38,-0.194968,0.00699799,0.195094
1381,1.381,-0.194968,0.00699797,0.195094
1382,1.382,-0.194969,0.00699794,0.195094
1383,1.383,-0.194969,0.00699791,0.195094
1384,1.384,-0.194969,0.00699788,0.195094
1385,1.385,-0.194969,0.00699785,0.195094
1386,1.386,-0.194969,0.00699783,0.195094
1387,1.387,-0.194969,0.0069978,0.195094
1388,1.388,-0.194969,0.00699777,0.195094
1389,1.389,-0.194969,0.00699775,0.195094
1390,1.39,-0.194969,0.00699772,0.195094
1391,1.391,-0.194969,0.00699769,0.195094
1392,1.392,-0.194969,0.00699767,0.195094
1393,1.393,-0.194969,0.00699764,0.195094
1394,1.394,-0.194969,0.00699761,0.195094
1395,1.395,-0.194969,0.00699759,0.195094
1396,1.396,-0.194969,0.00699756,0.195094
1397,1.397,-0.194969,0.00699754,0.195094
1398,1.398,-0.194969,0.00699751,0.195094
1399,1.399,-0.194969,0.00699748,0.195094
1400,1.4,-0.194969,0.00699746,0.195094
1401,1.401,-0.194969,0.00699743,0.195094
1402,1.402,-0.194969,0.00699741,0.195094
1403,1.403,-0.194969,0.00699738,0.195094
1404,1.404,-0.194969,0.00699736,0.195094
1405,1.405,-0.194969,0.00699733,0.195094
1406,1.406,-0.194969,0.00699731,0.195094
1407,1.407,-0.194969,0.00699728,0.195094
1408,1.408,-0.194969,0.00699726,0.195094
1409,1.409,-0.194969,0.00699724,0.195094
1410,1.41,-0.194969,0.00699721,0.195094
1411,1.411,-0.194969,0.00699719,0.195094
1412,1.412,-0.194969,0.00699716,0.195094
1413,1.413,-0.194969,0.00699714,0.195094
1414,1.414,-0.194969,0.00699712,0.195094
1415,1.415,-0.194969,0.00699709,0.195094
1416,1.416,-0.194969,0.00699707,0.195094
1417,1.417,-0.194969,0.00699705,0.195094
1418,1.418,-0.194969,0.00699702,0.195094
1419,1.419,-0.194969,0.006997,0.195094
1420,1.42,-0.194969,0.00699698,0.195094
1421,1.421,-0.194969,0.00699695,0.195094
1422,1.422,-0.194969,0.00699693,0.195094
1423,1.423,-0.194969,0.00699691,0.195094
1424,1.424,-0.194969,0.00699689,0.195094
1425,1.425,-0.194969,0.00699686,0.195094
1426,1.426,-0.194969,0.00699684,0.195094
1427,1.427,-0.194969,0.00699682,0.195094
1428,1.428,-0.194969,0.0069968,0.195094
1429,1.429,-0.194969,0.00699677,0.195094
1430,1.43,-0.194969,0.00699675,0.195094
1431,1.431,-0.194969,0.00699673,0.195094
1432,1.432,-0.194969,0.00699671,0.195094
1433,1.433,-0.194969,0.00699669,0.195094
1434,1.434,-0.194969,0.00699667,0.195094
1435,1.435,-0.194969,0.00699665,0.195094
1436,1.436,-0.194969,0.00699662,0.195094
1437,1.437,-0.194969,0.0069966,0.195094
1438,1.438,-0.194969,0.00699658,0.195094
1439,1.439,-0.194969,0.00699656,0.195094
1440,1.44,-0.194969,0.00699654,0.195094
1441,1.441,-0.194969,0.00699652,0.195094
1442,1.442,-0.194969,0.0069965,0.195094
1443,1.443,-0.194969,0.00699648,0.195094
1444,1.444,-0.194969,0.00699646,0.195094
1445,1.445,-0.194969,0.00699644,0.195094
1446,1.446,-0.194969,0.00699642,0.195094
1447,1.447,-0.194969,0.0069964,0.195094
1448,1.448,-0.194969,0.00699638,0.195094
1449,1.449,-0.194969,0.00699636,0.195094
1450,1.45,-0.194969,0.00699634,0.195094
1451,1.451,-0.194969,0.00699632,0.195094
1452,1.452,-0.194969,0.0069963,0.195094
1453,1.453,-0.194969,0.00699628,0.195094
1454,1.454,-0.194969,0.00699626,0.195094
1455,1.455,-0.194969,0.00699624,0.195094
1456,1.456,-0.194969,0.00699622,0.195094
1457,1.457,-0.194969,0.0069962,0.195094
1458,1.458,-0.194969,0.00699618,0.195094
1459,1.459,-0.194969,0.00699616,0.195094
1460,1.46,-0.194969,0.00699615,0.195094
1461,1.461,-0.194969,0.00699613,0.195094
1462,1.462,-0.194969,0.00699611,0.195094
1463,1.463,-0.194969,0.00699609,0.195094
1464,1.464,-0.194969,0.00699607,0.195094
1465,1.465,-0.194969,0.00699605,0.195094
1466,1.466,-0.194969,0.00699603,0.195094
1467,1.467,-0.194969,0.00699602,0.195094
1468,1.468,-0.194969,0.006996,0.195094
1469,1.469,-0.194969,0.00699598,0.195095
1470,1.47,-0.194969,0.00699596,0.195095
1471,1.471,-0.194969,0.00699594,0.195095
1472,1.472,-0.194969,0.00699593,0.195095
1473,1.473,-0.194969,0.00699591,0.195095
1474,1.474,-0.194969,0.00699589,0.195095
1475,1.475,-0.194969,0.00699587,0.195095
1476,1.476,-0.194969,0.00699586,0.195095
1477,1.477,-0.194969,0.00699584,0.195095
1478,1.478,-0.194969,0.00699582,0.195095
1479,1.479,-0.194969,0.00699581,0.195095
1480,1.48,-0.194969,0.00699579,0.195095
1481,1.481,-0.194969,0.00699577,0.195095
1482,1.482,-0.194969,0.00699575,0.195095
1483,1.483,-0.194969,0.00699574,0.195095
1484,1.484,-0.194969,0.00699572,0.195095
1485,1.485,-0.194969,0.0069957,0.195095
1486,1.486,-0.194969,0.00699569,0.195095
1487,1.487,-0.194969,0.00699567,0.195095
1488,1.488,-0.194969,0.00699566,0.195095
1489,1.489,-0.194969,0.00699564,0.195095
1490,1.49,-0.194969,0.00699562,0.195095
1491,1.491,-0.194969,0.00699561,0.195095
1492,1.492,-0.194969,0.00699559,0.195095
1493,1.493,-0.194969,0.00699558,0.195095
1494,1.494,-0.194969,0.00699556,0.195095
1495,1.495,-0.194969,0.00699554,0.195095
1496,1.496,-0.194969,0.00699553,0.195095
1497,1.497,-0.194969,0.00699551,0.195095
1498,1.498,-0.194969,0.0069955,0.195095
1499,1.499,-0.194969,0.00699548,0.195095
1500,1.5,-0.194969,0.00699547,0.195095
1501,1.501,-0.194969,0.00699545,0.195095
1502,1.502,-0.194969,0.00699544,0.195095
1503,1.503,-0.194969,0.00699542,0.195095
1504,1.504,-0.194969,0.00699541,0.195095
1505,1.505,-0.194969,0.00699539,0.195095
1506,1.506,-0.194969,0.00699538,0.195095
1507,1.507,-0.194969,0.00699536,0.195095
1508,1.508,-0.194969,0.00699535,0.195095
1509,1.509,-0.194969,0.00699533,0.195095
1510,1.51,-0.194969,0.00699532,0.195095
1511,1.511,-0.194969,0.0069953,0.195095
1512,1.512,-0.194969,0.00699529,0.195095
1513,1.513,-0.194969,0.00699527,0.195095
1514,1.514,-0.194969,0.00699526,0.195095
1515,1.515,-0.194969,0.00699525,0.195095
1516,1.516,-0.194969,0.00699523,0.195095
1517,1.517,-0.194969,0.00699522,0.195095
1518,1.518,-0.194969,0.0069952,0.195095
1519,1.519,-0.194969,0.00699519,0.195095
1520,1.52,-0.194969,0.00699518,0.195095
1521,1.521,-0.194969,0.00699516,0.195095
1522,1.522,-0.194969,0.00699515,0.195095
1523,1.523,-0.194969,0.00699513,0.195095
1524,1.524,-0.194969,0.00699512,0.195095
1525,1.525,-0.194969,0.00699511,0.195095
1526,1.526,-0.194969,0.00699509,0.195095
1527,1.527,-0.194969,0.00699508,0.195095
1528,1.528,-0.194969,0.00699507,0.195095
1529,1.529,-0.194969,0.00699505,0.195095
1530,1.53,-0.194969,0.00699504,0.195095
1531,1.531,-0.194969,0.00699503,0.195095
1532,1.532,-0.194969,0.00699501,0.195095
1533,1.533,-0.194969,0.006995,0.195095
1534,1.534,-0.194969,0.00699499,0.195095
1535,1.535,-0.194969,0.00699498,0.195095
1536,1.536,-0.194969,0.00699496,0.195095
1537,1.537,-0.194969,0.00699495,0.195095
1538,1.538,-0.194969,0.00699494,0.195095
1539,1.539,-0.194969,0.00699492,0.195095
1540,1.54,-0.194969,0.00699491,0.195095
1541,1.541,-0.194969,0.0069949,0.195095
1542,1.542,-0.194969,0.00699489,0.195095
1543,1.543,-0.194969,0.00699488,0.195095
1544,1.544,-0.194969,0.00699486,0.195095
1545,1.545,-0.194969,0.00699485,0.195095
1546,1.546,-0.194969,0.00699484,0.195095
1547,1.547,-0.194969,0.00699483,0.195095
1548,1.548,-0.194969,0.00699481,0.195095
1549,1.549,-0.194969,0.0069948,0.195095
1550,1.55,-0.194969,0.00699479,0.195095
1551,1.551,-0.194969,0.00699478,0.195095
1552,1.552,-0.194969,0.00699477,0.195095
1553,1.553,-0.194969,0.00699476,0.195095
1554,1.554,-0.194969,0.00699474,0.195095
1555,1.555,-0.194969,0.00699473,0.195095
1556,1.556,-0.194969,0.00699472,0.195095
1557,1.557,-0.194969,0.00699471,0.195095
1558,1.558,-0.194969,0.0069947,0.195095
1559,1.559,-0.194969,0.00699469,0.195095
1560,1.56,-0.194969,0.00699468,0.195095
1561,1.561,-0.194969,0.00699466,0.195095
1562,1.562,-0.194969,0.00699465,0.195095
1563,1.563,-0.194969,0.00699464,0.195095
1564,1.564,-0.194969,0.00699463,0.195095
1565,1.565,-0.194969,0.00699462,0.195095
1566,1.566,-0.194969,0.00699461,0.195095
1567,1.567,-0.194969,0.0069946,0.195095
1568,1.568,-0.194969,0.00699459,0.195095
1569,1.569,-0.194969,0.00699458,0.195095
1570,1.57,-0.194969,0.00699457,0.195095
1571,1.571,-0.194969,0.00699455,0.195095
1572,1.572,-0.194969,0.00699454,0.195095
1573,1.573,-0.194969,0.00699453,0.195095
1574,1.574,-0.194969,0.00699452,0.195095
1575,1.575,-0.194969,0.00699451,0.195095
1576,1.576,-0.194969,0.0069945,0.195095
1577,1.577,-0.194969,0.00699449,0.195095
1578,1.578,-0.194969,0.00699448,0.195095
1579,1.579,-0.194969,0.00699447,0.195095
1580,1.58,-0.194969,0.00699446,0.195095
1581,1.581,-0.194969,0.00699445,0.195095
1582,1.582,-0.194969,0.00699444,0.195095
1583,1.583,-0.194969,0.00699443,0.195095
1584,1.584,-0.194969,0.00699442,0.195095
1585,1.585,-0.194969,0.00699441,0.195095
1586,1.586,-0.194969,0.0069944,0.195095
1587,1.587,-0.194969,0.00699439,0.195095
1588,1.588,-0.194969,0.00699438,0.195095
1589,1.589,-0.194969,0.00699437,0.195095
1590,1.59,-0.194969,0.00699436,0.195095
1591,1.591,-0.194969,0.00699435,0.195095
1592,1.592,-0.194969,0.00699434,0.195095
1593,1.593,-0.194969,0.00699433,0.195095
1594,1.594,-0.194969,0.00699432,0.195095
1595,1.595,-0.194969,0.00699431,0.195095
1596,1.596,-0.194969,0.00699431,0.195095
1597,1.597,-0.194969,0.0069943,0.195095
1598,1.598,-0.194969,0.00699429,0.195095
1599,1.599,-0.194969,0.00699428,0.195095
1600,1.6,-0.194969,0.00699427,0.195095
1601,1.601,-0.194969,0.00699426,0.195095
1602,1.602,-0.194969,0.00699425,0.195095
1603,1.603,-0.194969,0.00699424,0.195095
1604,1.604,-0.194969,0.00699423,0.195095
1605,1.605,-0.194969,0.00699422,0.195095
1606,1.606,-0.194969,0.00699421,0.195095
1607,1.607,-0.194969,0.00699421,0.195095
1608,1.608,-0.194969,0.0069942,0.195095
1609,1.609,-0.194969,0.00699419,0.195095
1610,1.61,-0.194969,0.00699418,0.195095
1611,1.611,-0.194969,0.00699417,0.195095
1612,1.612,-0.194969,0.00699416,0.195095
1613,1.613,-0.194969,0.00699415,0.195095
1614,1.614,-0.194969,0.00699414,0.195095
1615,1.615,-0.194969,0.00699414,0.195095
1616,1.616,-0.194969,0.00699413,0.195095
1617,1.617,-0.194969,0.00699412,0.195095
1618,1.618,-0.194969,0.00699411,0.195095
1619,1.619,-0.194969,0.0069941,0.195095
1620,1.62,-0.194969,0.00699409,0.195095
1621,1.621,-0.194969,0.00699409,0.195095
1622,1.622,-0.194969,0.00699408,0.195095
1623,1.623,-0.194969,0.00699407,0.195095
1624,1.624,-0.194969,0.00699406,0.195095
1625,1.625,-0.194969,0.00699405,0.195095
1626,1.626,-0.194969,0.00699405,0.195095
1627,1.627,-0.194969,0.00699404,0.195095
1628,1.628,-0.194969,0.00699403,0.195095
1629,1.629,-0.194969,0.00699402,0.195095
1630,1.63,-0.194969,0.00699401,0.195095
1631,1.631,-0.194969,0.00699401,0.195095
1632,1.632,-0.194969,0.006994,0.195095
1633,1.633,-0.194969,0.00699399,0.195095
1634,1.634,-0.194969,0.00699398,0.195095
1635,1.635,-0.194969,0.00699397,0.195095
1636,1.636,-0.194969,0.00699397,0.195095
1637,1.637,-0.194969,0.00699396,0.195095
1638,1.638,-0.194969,0.00699395,0.195095
1639,1.639,-0.194969,0.00699394,0.195095
1640,1.64,-0.194969,0.00699394,0.195095
1641,1.641,-0.194969,0.00699393,0.195095
1642,1.642,-0.194969,0.00699392,0.195095
1643,1.643,-0.194969,0.00699391,0.195095
1644,1.644,-0.194969,0.00699391,0.195095
1645,1.645,-0.194969,0.0069939,0.195095
1646,1.646,-0.194969,0.00699389,0.195095
1647,1.647,-0.194969,0.00699389,0.195095
1648,1.648,-0.194969,0.00699388,0.195095
1649,1.649,-0.194969,0.00699387,0.195095
1650,1.65,-0.194969,0.00699386,0.195095
1651,1.651,-0.194969,0.00699386,0.195095
1652,1.652,-0.194969,0.00699385,0.195095
1653,1.653,-0.194969,0.00699384,0.195095
1654,1.654,-0.194969,0.00699384,0.195095
1655,1.655,-0.194969,0.00699383,0.195095
1656,1.656,-0.194969,0.00699382,0.195095
1657,1.657,-0.194969,0.00699382,0.195095
1658,1.658,-0.194969,0.00699381,0.195095
1659,1.659,-0.194969,0.0069938,0.195095
1660,1.66,-0.194969,0.0069938,0.195095
1661,1.661,-0.194969,0.00699379,0.195095
1662,1.662,-0.194969,0.00699378,0.195095
1663,1.663,-0.194969,0.00699378,0.195095
1664,1.664,-0.194969,0.00699377,0.195095
1665,1.665,-0.194969,0.00699376,0.195095
1666,1.666,-0.194969,0.00699376,0.195095
1667,1.667,-0.194969,0.00699375,0.195095
1668,1.668,-0.194969,0.00699374,0.195095
1669,1.669,-0.194969,0.00699374,0.195095
1670,1.67,-0.194969,0.00699373,0.195095
1671,1.671,-0.194969,0.00699372,0.195095
1672,1.672,-0.194969,0.00699372,0.195095
1673,1.673,-0.194969,0.00699371,0.195095
1674,1.674,-0.194969,0.0069937,0.195095
1675,1.675,-0.194969,0.0069937,0.195095
1676,1.676,-0.194969,0.00699369,0.195095
1677,1.677,-0.194969,0.00699369,0.195095
1678,1.678,-0.194969,0.00699368,0.195095
1679,1.679,-0.194969,0.00699367,0.195095
1680,1.68,-0.194969,0.00699367,0.195095
1681,1.681,-0.194969,0.00699366,0.195095
1682,1.682,-0.194969,0.00699366,0.195095
1683,1.683,-0.194969,0.00699365,0.195095
1684,1.684,-0.194969,0.00699364,0.195095
1685,1.685,-0.194969,0.00699364,0.195095
1686,1.686,-0.194969,0.00699363,0.195095
1687,1.687,-0.194969,0.00699363,0.195095
1688,1.688,-0.194969,0.00699362,0.195095
1689,1.689,-0.194969,0.00699361,0.195095
1690,1.69,-0.194969,0.00699361,0.195095
1691,1.691,-0.194969,0.0069936,0.195095
1692,1.692,-0.194969,0.0069936,0.195095
1693,1.693,-0.194969,0.00699359,0.195095
1694,1.694,-0.194969,0.00699359,0.195095
1695,1.695,-0.194969,0.00699358,0.195095
1696,1.696,-0.194969,0.00699357,0.195095
1697,1.697,-0.194969,0.00699357,0.195095
1698,1.698,-0.194969,0.00699356,0.195095
1699,1.699,-0.194969,0.00699356,0.195095
1700,1.7,-0.194969,0.00699355,0.195095
1701,1.701,-0.194969,0.00699355,0.195095
1702,1.702,-0.194969,0.00699354,0.195095
1703,1.703,-0.19497,0.00699354,0.195095
1704,1.704,-0.19497,0.00699353,0.195095
1705,1.705,-0.19497,0.00699353,0.195095
1706,1.706,-0.19497,0.00699352,0.195095
1707,1.707,-0.19497,0.00699352,0.195095
1708,1.708,-0.19497,0.00699351,0.195095
1709,1.709,-0.19497,0.0069935,0.195095
1710,1.71,-0.19497,0.0069935,0.195095
1711,1.711,-0.19497,0.00699349,0.195095
1712,1.712,-0.19497,0.00699349,0.195095
1713,1.713,-0.19497,0.00699348,0.195095
1714,1.714,-0.19497,0.00699348,0.195095
1715,1.715,-0.19497,0.00699347,0.195095
1716,1.716,-0.19497,0.00699347,0.195095
1717,1.717,-0.19497,0.00699346,0.195095
1718,1.718,-0.19497,0.00699346,0.195095
1719,1.719,-0.19497,0.00699345,0.195095
1720,1.72,-0.19497,0.00699345,0.195095
1721,1.721,-0.19497,0.00699344,0.195095
1722,1.722,-0.19497,0.00699344,0.195095
1723,1.723,-0.19497,0.00699343,0.195095
1724,1.724,-0.19497,0.00699343,0.195095
1725,1.725,-0.19497,0.00699342,0.195095
1726,1.726,-0.19497,0.00699342,0.195095
1727,1.727,-0.19497,0.00699342,0.195095
1728,1.728,-0.19497,0.00699341,0.195095
1729,1.729,-0.19497,0.00699341,0.195095
1730,1.73,-0.19497,0.0069934,0.195095
1731,1.731,-0.19497,0.0069934,0.195095
1732,1.732,-0.19497,0.00699339,0.195095
1733,1.733,-0.19497,0.00699339,0.195095
1734,1.734,-0.19497,0.00699338,0.195095
1735,1.735,-0.19497,0.00699338,0.195095
1736,1.736,-0.19497,0.00699337,0.195095
1737,1.737,-0.19497,0.00699337,0.195095
1738,1.738,-0.19497,0.00699336,0.195095
1739,1.739,-0.19497,0.00699336,0.195095
1740,1.74,-0.19497,0.00699336,0.195095
1741,1.741,-0.19497,0.00699335,0.195095
1742,1.742,-0.19497,0.00699335,0.195095
1743,1.743,-0.19497,0.00699334,0.195095
1744,1.744,-0.19497,0.00699334,0.195095
1745,1.745,-0.19497,0.00699333,0.195095
1746,1.746,-0.19497,0.00699333,0.195095
1747,1.747,-0.19497,0.00699333,0.195095
1748,1.748,-0.19497,0.00699332,0.195095
1749,1.749,-0.19497,0.00699332,0.195095
1750,1.75,-0.19497,0.00699331,0.195095
1751,1.751,-0.19497,0.00699331,0.195095
1752,1.752,-0.19497,0.0069933,0.195095
1753,1.753,-0.19497,0.0069933,0.195095
1754,1.754,-0.19497,0.0069933,0.195095
1755,1.755,-0.19497,0.00699329,0.195095
1756,1.756,-0.19497,0.00699329,0.195095
1757,1.757,-0.19497,0.00699328,0.195095
1758,1.758,-0.19497,0.00699328,0.195095
1759,1.759,-0.19497,0.00699328,0.195095
1760,1.76,-0.19497,0.00699327,0.195095
1761,1.761,-0.19497,0.00699327,0.195095
1762,1.762,-0.19497,0.00699326,0.195095
1763,1.763,-0.19497,0.00699326,0.195095
1764,1.764,-0.19497,0.00699326,0.195095
1765,1.765,-0.19497,0.00699325,0.195095
1766,1.766,-0.19497,0.00699325,0.195095
1767,1.767,-0.19497,0.00699324,0.195095
1768,1.768,-0.19497,0.00699324,0.195095
1769,1.769,-0.19497,0.00699324,0.195095
1770,1.77,-0.19497,0.00699323,0.195095
1771,1.771,-0.19497,0.00699323,0.195095
1772,1.772,-0.19497,0.00699322,0.195095
1773,1.773,-0.19497,0.00699322,0.195095
1774,1.774,-0.19497,0.00699322,0.195095
1775,1.775,-0.19497,0.00699321,0.195095
1776,1.776,-0.19497,0.00699321,0.195095
1777,1.777,-0.19497,0.00699321,0.195095
1778,1.778,-0.19497,0.0069932,0.195095
1779,1.779,-0.19497,0.0069932,0.195095
1780,1.78,-0.19497,0.0069932,0.195095
1781,1.781,-0.19497,0.00699319,0.195095
1782,1.782,-0.19497,0.00699319,0.195095
1783,1.783,-0.19497,0.00699318,0.195095
1784,1.784,-0.19497,0.00699318,0.195095
1785,1.785,-0.19497,0.00699318,0.195095
1786,1.786,-0.19497,0.00699317,0.195095
1787,1.787,-0.19497,0.00699317,0.195095
1788,1.788,-0.19497,0.00699317,0.195095
1789,1.789,-0.19497,0.00699316,0.195095
1790,1.79,-0.19497,0.00699316,0.195095
1791,1.791,-0.19497,0.00699316,0.195095
1792,1.792,-0.19497,0.00699315,0.195095
1793,1.793,-0.19497,0.00699315,0.195095
1794,1.794,-0.19497,0.00699315,0.195095
1795,1.795,-0.19497,0.00699314,0.195095
1796,1.796,-0.19497,0.00699314,0.195095
1797,1.797,-0.19497,0.00699314,0.195095
1798,1.798,-0.19497,0.00699313,0.195095
1799,1.799,-0.19497,0.00699313,0.195095
1800,1.8,-0.19497,0.00699313,0.195095
1801,1.801,-0.19497,0.00699312,0.195095
1802,1.802,-0.19497,0.00699312,0.195095
1803,1.803,-0.19497,0.00699312,0.195095
1804,1.804,-0.19497,0.00699311,0.195095
1805,1.805,-0.19497,0.00699311,0.195095
1806,1.806,-0.19497,0.00699311,0.195095
1807,1.807,-0.19497,0.0069931,0.195095
1808,1.808,-0.19497,0.0069931,0.195095
1809,1.809,-0.19497,0.0069931,0.195095
1810,1.81,-0.19497,0.0069931,0.195095
1811,1.811,-0.19497,0.00699309,0.195095
1812,1.812,-0.19497,0.00699309,0.195095
1813,1.813,-0.19497,0.00699309,0.195095
1814,1.814,-0.19497,0.00699308,0.195095
1815,1.815,-0.19497,0.00699308,0.195095
1816,1.816,-0.19497,0.00699308,0.195095
1817,1.817,-0.19497,0.00699307,0.195095
1818,1.818,-0.19497,0.00699307,0.195095
1819,1.819,-0.19497,0.00699307,0.195095
1820,1.82,-0.19497,0.00699307,0.195095
1821,1.821,-0.19497,0.00699306,0.195095
1822,1.822,-0.19497,0.00699306,0.195095
1823,1.823,-0.19497,0.00699306,0.195095
1824,1.824,-0.19497,0.00699305,0.195095
1825,1.825,-0.19497,0.00699305,0.195095
1826,1.826,-0.19497,0.00699305,0.195095
1827,1.827,-0.19497,0.00699305,0.195095
1828,1.828,-0.19497,0.00699304,0.195095
1829,1.829,-0.19497,0.00699304,0.195095
1830,1.83,-0.19497,0.00699304,0.195095
1831,1.831,-0.19497,0.00699303,0.195095
1832,1.832,-0.19497,0.00699303,0.195095
1833,1.833,-0.19497,0.00699303,0.195095
1834,1.834,-0.19497,0.00699303,0.195095
1835,1.835,-0.19497,0.00699302,0.195095
1836,1.836,-0.19497,0.00699302,0.195095
1837,1.837,-0.19497,0.00699302,0.195095
1838,1.838,-0.19497,0.00699302,0.195095
1839,1.839,-0.19497,0.00699301,0.195095
1840,1.84,-0.19497,0.00699301,0.195095
1841,1.841,-0.19497,0.00699301,0.195095
1842,1.842,-0.19497,0.00699301,0.195095
1843,1.843,-0.19497,0.006993,0.195095
1844,1.844,-0.19497,0.006993,0.195095
1845,1.845,-0.19497,0.006993,0.195095
1846,1.846,-0.19497,0.00699299,0.195095
1847,1.847,-0.19497,0.00699299,0.195095
1848,1.848,-0.19497,0.00699299,0.195095
1849,1.849,-0.19497,0.00699299,0.195095
1850,1.85,-0.19497,0.00699298,0.195095
1851,1.851,-0.19497,0.00699298,0.195095
1852,1.852,-0.19497,0.00699298,0.195095
1853,1.853,-0.19497,0.00699298,0.195095
1854,1.854,-0.19497,0.00699297,0.195095
1855,1.855,-0.19497,0.00699297,0.195095
1856,1.856,-0.19497,0.00699297,0.195095
1857,1.857,-0.19497,0.00699297,0.195095
1858,1.858,-0.19497,0.00699297,0.195095
1859,1.859,-0.19497,0.00699296,0.195095
1860,1.86,-0.19497,0.00699296,0.195095
1861,1.861,-0.19497,0.00699296,0.195095
1862,1.862,-0.19497,0.00699296,0.195095
1863,1.863,-0.19497,0.00699295,0.195095
1864,1.864,-0.19497,0.00699295,0.195095
1865,1.865,-0.19497,0.00699295,0.195095
1866,1.866,-0.19497,0.00699295,0.195095
1867,1.867,-0.19497,0.00699294,0.195095
1868,1.868,-0.19497,0.00699294,0.195095
1869,1.869,-0.19497,0.00699294,0.195095
1870,1.87,-0.19497,0.00699294,0.195095
1871,1.871,-0.19497,0.00699294,0.195095
1872,1.872,-0.19497,0.00699293,0.195095
1873,1.873,-0.19497,0.00699293,0.195095
1874,1.874,-0.19497,0.00699293,0.195095
1875,1.875,-0.19497,0.00699293,0.195095
1876,1.876,-0.19497,0.00699292,0.195095
1877,1.877,-0.19497,0.00699292,0.195095
1878,1.878,-0.19497,0.00699292,0.195095
1879,1.879,-0.19497,0.00699292,0.195095
1880,1.88,-0.19497,0.00699292,0.195095
1881,1.881,-0.19497,0.00699291,0.195095
1882,1.882,-0.19497,0.00699291,0.195095
1883,1.883,-0.19497,0.00699291,0.195095
1884,1.884,-0.19497,0.00699291,0.195095
1885,1.885,-0.19497,0.00699291,0.195095
1886,1.886,-0.19497,0.0069929,0.195095
1887,1.887,-0.19497,0.0069929,0.195095
1888,1.888,-0.19497,0.0069929,0.195095
1889,1.889,-0.19497,0.0069929,0.195095
1890,1.89,-0.19497,0.00699289,0.195095
1891,1.891,-0.19497,0.00699289,0.195095
1892,1.892,-0.19497,0.00699289,0.195095
1893,1.893,-0.19497,0.00699289,0.195095
1894,1.894,-0.19497,0.00699289,0.195095
1895,1.895,-0.19497,0.00699288,0.195095
1896,1.896,-0.19497,0.00699288,0.195095
1897,1.897,-0.19497,0.00699288,0.195095
1898,1.898,-0.19497,0.00699288,0.195095
1899,1.899,-0.19497,0.00699288,0.195095
1900,1.9,-0.19497,0.00699288,0.195095
1901,1.901,-0.19497,0.00699287,0.195095
1902,1.902,-0.19497,0.00699287,0.195095
1903,1.903,-0.19497,0.00699287,0.195095
1904,1.904,-0.19497,0.00699287,0.195095
1905,1.905,-0.19497,0.00699287,0.195095
1906,1.906,-0.19497,0.00699286,0.195095
1907,1.907,-0.19497,0.00699286,0.195095
1908,1.908,-0.19497,0.00699286,0.195095
1909,1.909,-0.19497,0.00699286,0.195095
1910,1.91,-0.19497,0.00699286,0.195095
1911,1.911,-0.19497,0.00699285,0.195095
1912,1.912,-0.19497,0.00699285,0.195095
1913,1.913,-0.19497,0.00699285,0.195095
1914,1.914,-0.19497,0.00699285,0.195095
1915,1.915,-0.19497,0.00699285,0.195095
1916,1.916,-0.19497,0.00699285,0.195095
1917,1.917,-0.19497,0.00699284,0.195095
1918,1.918,-0.19497,0.00699284,0.195095
1919,1.919,-0.19497,0.00699284,0.195095
1920,1.92,-0.19497,0.00699284,0.195095
1921,1.921,-0.19497,0.00699284,0.195095
1922,1.922,-0.19497,0.00699284,0.195095
1923,1.923,-0.19497,0.00699283,0.195095
1924,1.924,-0.19497,0.00699283,0.195095
1925,1.925,-0.19497,0.00699283,0.195095
1926,1.926,-0.19497,0.00699283,0.195095
1927,1.927,-0.19497,0.00699283,0.195095
1928,1.928,-0.19497,0.00699283,0.195095
1929,1.929,-0.19497,0.00699282,0.195095
1930,1.93,-0.19497,0.00699282,0.195095
1931,1.931,-0.19497,0.00699282,0.195095
1932,1.932,-0.19497,0.00699282,0.195095
1933,1.933,-0.19497,0.00699282,0.195095
1934,1.934,-0.19497,0.00699282,0.195095
1935,1.935,-0.19497,0.00699281,0.195095
1936,1.936,-0.19497,0.00699281,0.195095
1937,1.937,-0.19497,0.00699281,0.195095
1938,1.938,-0.19497,0.00699281,0.195095
1939,1.939,-0.19497,0.00699281,0.195095
1940,1.94,-0.19497,0.00699281,0.195095
1941,1.941,-0.19497,0.0069928,0.195095
1942,1.942,-0.19497,0.0069928,0.195095
1943,1.943,-0.19497,0.0069928,0.195095
1944,1.944,-0.19497,0.0069928,0.195095
1945,1.945,-0.19497,0.0069928,0.195095
1946,1.946,-0.19497,0.0069928,0.195095
1947,1.947,-0.19497,0.0069928,0.195095
1948,1.948,-0.19497,0.00699279,0.195095
1949,1.949,-0.19497,0.00699279,0.195095
1950,1.95,-0.19497,0.00699279,0.195095
1951,1.951,-0.19497,0.00699279,0.195095
1952,1.952,-0.19497,0.00699279,0.195095
1953,1.953,-0.19497,0.00699279,0.195095
1954,1.954,-0.19497,0.00699278,0.195095
1955,1.955,-0.19497,0.00699278,0.195095
1956,1.956,-0.19497,0.00699278,0.195095
1957,1.957,-0.19497,0.00699278,0.195095
1958,1.958,-0.19497,0.00699278,0.195095
1959,1.959,-0.19497,0.00699278,0.195095
1960,1.96,-0.19497,0.00699278,0.195095
1961,1.961,-0.19497,0.00699278,0.195095
1962,1.962,-0.19497,0.00699277,0.195095
1963,1.963,-0.19497,0.00699277,0.195095
1964,1.964,-0.19497,0.00699277,0.195095
1965,1.965,-0.19497,0.00699277,0.195095
1966,1.966,-0.19497,0.00699277,0.195095
1967,1.967,-0.19497,0.00699277,0.195095
1968,1.968,-0.19497,0.00699277,0.195095
1969,1.969,-0.19497,0.00699276,0.195095
1970,1.97,-0.19497,0.00699276,0.195095
1971,1.971,-0.19497,0.00699276,0.195095
1972,1.972,-0.19497,0.00699276,0.195095
1973,1.973,-0.19497,0.00699276,0.195095
1974,1.974,-0.19497,0.00699276,0.195095
1975,1.975,-0.19497,0.00699276,0.195095
1976,1.976,-0.19497,0.00699276,0.195095
1977,1.977,-0.19497,0.00699275,0.195095
1978,1.978,-0.19497,0.00699275,0.195095
1979,1.979,-0.19497,0.00699275,0.195095
1980,1.98,-0.19497,0.00699275,0.195095
1981,1.981,-0.19497,0.00699275,0.195095
1982,1.982,-0.19497,0.00699275,0.195095
1983,1.983,-0.19497,0.00699275,0.195095
1984,1.984,-0.19497,0.00699274,0.195095
1985,1.985,-0.19497,0.00699274,0.195095
1986,1.986,-0.19497,0.00699274,0.195095
1987,1.987,-0.19497,0.00699274,0.195095
1988,1.988,-0.19497,0.00699274,0.195095
1989,1.989,-0.19497,0.00699274,0.195095
1990,1.99,-0.19497,0.00699274,0.195095
1991,1.991,-0.19497,0.00699274,0.195095
1992,1.992,-0.19497,0.00699274,0.195095
1993,1.993,-0.19497,0.00699273,0.195095
1994,1.994,-0.19497,0.00699273,0.195095
1995,1.995,-0.19497,0.00699273,0.195095
1996,1.996,-0.19497,0.00699273,0.195095
1997,1.997,-0.19497,0.00699273,0.195095
1998,1.998,-0.19497,0.00699273,0.195095
1999,1.999,-0.19497,0.00699273,0.195095
2000,2,-0.19497,0.00699273,0.195095
2001,2.001,-0.19497,0.00699272,0.195095
2002,2.002,-0.19497,0.00699272,0.195095
2003,2.003,-0.19497,0.00699272,0.195095
2004,2.004,-0.19497,0.00699272,0.195095
2005,2.005,-0.19497,0.00699272,0.195095
2006,2.006,-0.19497,0.00699272,0.195095
2007,2.007,-0.19497,0.00699272,0.195095
2008,2.008,-0.19497,0.00699272,0.195095
2009,2.009,-0.19497,0.00699272,0.195095
2010,2.01,-0.19497,0.00699272,0.195095
2011,2.011,-0.19497,0.00699271,0.195095
2012,2.012,-0.19497,0.00699271,0.195095
2013,2.013,-0.19497,0.00699271,0.195095
2014,2.014,-0.19497,0.00699271,0.195095
2015,2.015,-0.19497,0.00699271,0.195095
2016,2.016,-0.19497,0.00699271,0.195095
2017,2.017,-0.19497,0.00699271,0.195095
2018,2.018,-0.19497,0.00699271,0.195095
2019,2.019,-0.19497,0.00699271,0.195095
2020,2.02,-0.19497,0.0069927,0.195095
2021,2.021,-0.19497,0.0069927,0.195095
2022,2.022,-0.19497,0.0069927,0.195095
2023,2.023,-0.19497,0.0069927,0.195095
2024,2.024,-0.19497,0.0069927,0.195095
2025,2.025,-0.19497,0.0069927,0.195095
2026,2.026,-0.19497,0.0069927,0.195095
2027,2.027,-0.19497,0.0069927,0.195095
2028,2.028,-0.19497,0.0069927,0.195095
2029,2.029,-0.19497,0.0069927,0.195095
2030,2.03,-0.19497,0.00699269,0.195095
2031,2.031,-0.19497,0.00699269,0.195095
2032,2.032,-0.19497,0.00699269,0.195095
2033,2.033,-0.19497,0.00699269,0.195095
2034,2.034,-0.19497,0.00699269,0.195095
2035,2.035,-0.19497,0.00699269,0.195095
2036,2.036,-0.19497,0.00699269,0.195095
2037,2.037,-0.19497,0.00699269,0.195095
2038,2.038,-0.19497,0.00699269,0.195095
2039,2.039,-0.19497,0.00699269,0.195095
2040,2.04,-0.19497,0.00699269,0.195095
2041,2.041,-0.19497,0.00699268,0.195095
2042,2.042,-0.19497,0.00699268,0.195095
2043,2.043,-0.19497,0.00699268,0.195095
2044,2.044,-0.19497,0.00699268,0.195095
2045,2.045,-0.19497,0.00699268,0.195095
2046,2.046,-0.19497,0.00699268,0.195095
2047,2.047,-0.19497,0.00699268,0.195095
2048,2.048,-0.19497,0.00699268,0.195095
2049,2.049,-0.19497,0.00699268,0.195095
2050,2.05,-0.19497,0.00699268,0.195095
2051,2.051,-0.19497,0.00699268,0.195095
2052,2.052,-0.19497,0.00699267,0.195095
2053,2.053,-0.19497,0.00699267,0.195095
2054,2.054,-0.19497,0.00699267,0.195095
2055,2.055,-0.19497,0.00699267,0.195095
2056,2.056,-0.19497,0.00699267,0.195095
2057,2.057,-0.19497,0.00699267,0.195095
2058,2.058,-0.19497,0.00699267,0.195095
2059,2.059,-0.19497,0.00699267,0.195095
2060,2.06,-0.19497,0.00699267,0.195095
2061,2.061,-0.19497,0.00699267,0.195095
2062,2.062,-0.19497,0.00699267,0.195095
2063,2.063,-0.19497,0.00699267,0.195095
2064,2.064,-0.19497,0.00699266,0.195095
2065,2.065,-0.19497,0.00699266,0.195095
2066,2.066,-0.19497,0.00699266,0.195095
2067,2.067,-0.19497,0.00699266,0.195095
2068,2.068,-0.19497,0.00699266,0.195095
2069,2.069,-0.19497,0.00699266,0.195095
2070,2.07,-0.19497,0.00699266,0.195095
2071,2.071,-0.19497,0.00699266,0.195095
2072,2.072,-0.19497,0.00699266,0.195095
2073,2.073,-0.19497,0.00699266,0.195095
2074,2.074,-0.19497,0.00699266,0.195095
2075,2.075,-0.19497,0.00699266,0.195095
2076,2.076,-0.19497,0.00699266,0.195095
2077,2.077,-0.19497,0.00699265,0.195095
2078,2.078,-0.19497,0.00699265,0.195095
2079,2.079,-0.19497,0.00699265,0.195095
2080,2.08,-0.19497,0.00699265,0.195095
2081,2.081,-0.19497,0.00699265,0.195095
2082,2.082,-0.19497,0.00699265,0.195095
2083,2.083,-0.19497,0.00699265,0.195095
2084,2.084,-0.19497,0.00699265,0.195095
2085,2.085,-0.19497,0.00699265,0.195095
2086,2.086,-0.19497,0.00699265,0.195095
2087,2.087,-0.19497,0.00699265,0.195095
2088,2.088,-0.19497,0.00699265,0.195095
2089,2.089,-0.19497,0.00699265,0.195095
2090,2.09,-0.19497,0.00699264,0.195095
2091,2.091,-0.19497,0.00699264,0.195095
2092,2.092,-0.19497,0.00699264,0.195095
2093,2.093,-0.19497,0.00699264,0.195095
2094,2.094,-0.19497,0.00699264,0.195095
2095,2.095,-0.19497,0.00699264,0.195095
2096,2.096,-0.19497,0.00699264,0.195095
2097,2.097,-0.19497,0.00699264,0.195095
2098,2.098,-0.19497,0.00699264,0.195095
2099,2.099,-0.19497,0.00699264,0.195095
2100,2.1,-0.19497,0.00699264,0.195095
2101,2.101,-0.19497,0.00699264,0.195095
2102,2.102,-0.19497,0.00699264,0.195095
2103,2.103,-0.19497,0.00699264,0.195095
2104,2.104,-0.19497,0.00699264,0.195095
2105,2.105,-0.19497,0.00699263,0.195095
2106,2.106,-0.19497,0.00699263,0.195095
2107,2.107,-0.19497,0.00699263,0.195095
2108,2.108,-0.19497,0.00699263,0.195095
2109,2.109,-0.19497,0.00699263,0.195095
2110,2.11,-0.19497,0.00699263,0.195095
2111,2.111,-0.19497,0.00699263,0.195095
2112,2.112,-0.19497,0.00699263,0.195095
2113,2.113,-0.19497,0.00699263,0.195095
2114,2.114,-0.19497,0.00699263,0.195095
2115,2.115,-0.19497,0.00699263,0.195095
2116,2.116,-0.19497,0.00699263,0.195095
2117,2.117,-0.19497,0.00699263,0.195095
2118,2.118,-0.19497,0.00699263,0.195095
2119,2.119,-0.19497,0.00699263,0.195095
2120,2.12,-0.19497,0.00699263,0.195095
2121,2.121,-0.19497,0.00699262,0.195095
2122,2.122,-0.19497,0.00699262,0.195095
2123,2.123,-0.19497,0.00699262,0.195095
2124,2.124,-0.19497,0.00699262,0.195095
2125,2.125,-0.19497,0.00699262,0.195095
2126,2.126,-0.19497,0.00699262,0.195095
2127,2.127,-0.19497,0.00699262,0.195095
2128,2.128,-0.19497,0.00699262,0.195095
2129,2.129,-0.19497,0.00699262,0.195095
2130,2.13,-0.19497,0.00699262,0.195095
2131,2.131,-0.19497,0.00699262,0.195095
2132,2.132,-0.19497,0.00699262,0.195095
2133,2.133,-0.19497,0.00699262,0.195095
2134,2.134,-0.19497,0.00699262,0.195095
2135,2.135,-0.19497,0.00699262,0.195095
2136,2.136,-0.19497,0.00699262,0.195095
2137,2.137,-0.19497,0.00699262,0.195095
2138,2.138,-0.19497,0.00699261,0.195095
2139,2.139,-0.19497,0.00699261,0.195095
2140,2.14,-0.19497,0.00699261,0.195095
2141,2.141,-0.19497,0.00699261,0.195095
2142,2.142,-0.19497,0.00699261,0.195095
2143,2.143,-0.19497,0.00699261,0.195095
2144,2.144,-0.19497,0.00699261,0.195095
2145,2.145,-0.19497,0.00699261,0.195095
2146,2.146,-0.19497,0.00699261,0.195095
2147,2.147,-0.19497,0.00699261,0.195095
2148,2.148,-0.19497,0.00699261,0.195095
2149,2.149,-0.19497,0.00699261,0.195095
2150,2.15,-0.19497,0.00699261,0.195095
2151,2.151,-0.19497,0.00699261,0.195095
2152,2.152,-0.19497,0.00699261,0.195095
2153,2.153,-0.19497,0.00699261,0.195095
2154,2.154,-0.19497,0.00699261,0.195095
2155,2.155,-0.19497,0.00699261,0.195095
2156,2.156,-0.19497,0.00699261,0.195095
2157,2.157,-0.19497,0.00699261,0.195095
2158,2.158,-0.19497,0.0069926,0.195095
2159,2.159,-0.19497,0.0069926,0.195095
2160,2.16,-0.19497,0.0069926,0.195095
2161,2.161,-0.19497,0.0069926,0.195095
2162,2.162,-0.19497,0.0069926,0.195095
2163,2.163,-0.19497,0.0069926,0.195095
2164,2.164,-0.19497,0.0069926,0.195095
2165,2.165,-0.19497,0.0069926,0.195095
2166,2.166,-0.19497,0.0069926,0.195095
2167,2.167,-0.19497,0.0069926,0.195095
2168,2.168,-0.19497,0.0069926,0.195095
2169,2.169,-0.19497,0.0069926,0.195095
2170,2.17,-0.19497,0.0069926,0.195095
2171,2.171,-0.19497,0.0069926,0.195095
2172,2.172,-0.19497,0.0069926,0.195095
2173,2.173,-0.19497,0.0069926,0.195095
2174,2.174,-0.19497,0.0069926,0.195095
2175,2.175,-0.19497,0.0069926,0.195095
2176,2.176,-0.19497,0.0069926,0.195095
2177,2.177,-0.19497,0.0069926,0.195095
2178,2.178,-0.19497,0.0069926,0.195095
2179,2.179,-0.19497,0.00699259,0.195095
2180,2.18,-0.19497,0.00699259,0.195095
2181,2.181,-0.19497,0.00699259,0.195095
2182,2.182,-0.19497,0.00699259,0.195095
2183,2.183,-0.19497,0.00699259,0.195095
2184,2.184,-0.19497,0.00699259,0.195095
2185,2.185,-0.19497,0.00699259,0.195095
2186,2.186,-0.19497,0.00699259,0.195095
2187,2.187,-0.19497,0.00699259,0.195095
2188,2.188,-0.19497,0.00699259,0.195095
2189,2.189,-0.19497,0.00699259,0.195095
2190,2.19,-0.19497,0.00699259,0.195095
2191,2.191,-0.19497,0.00699259,0.195095
2192,2.192,-0.19497,0.00699259,0.195095
2193,2.193,-0.19497,0.00699259,0.195095
2194,2.194,-0.19497,0.00699259,0.195095
2195,2.195,-0.19497,0.00699259,0.195095
2196,2.196,-0.19497,0.00699259,0.195095
2197,2.197,-0.19497,0.00699259,0.195095
2198,2.198,-0.19497,0.00699259,0.195095
2199,2.199,-0.19497,0.00699259,0.195095
2200,2.2,-0.19497,0.00699259,0.195095
2201,2.201,-0.19497,0.00699259,0.195095
2202,2.202,-0.19497,0.00699259,0.195095
2203,2.203,-0.19497,0.00699258,0.195095
2204,2.204,-0.19497,0.00699258,0.195095
2205,2.205,-0.19497,0.00699258,0.195095
2206,2.206,-0.19497,0.00699258,0.195095
2207,2.207,-0.19497,0.00699258,0.195095
2208,2.208,-0.19497,0.00699258,0.195095
2209,2.209,-0.19497,0.00699258,0.195095
2210,2.21,-0.19497,0.00699258,0.195095
2211,2.211,-0.19497,0.00699258,0.195095
2212,2.212,-0.19497,0.00699258,0.195095
2213,2.213,-0.19497,0.00699258,0.195095
2214,2.214,-0.19497,0.00699258,0.195095
2215,2.215,-0.19497,0.00699258,0.195095
2216,2.216,-0.19497,0.00699258,0.195095
2217,2.217,-0.19497,0.00699258,0.195095
2218,2.218,-0.19497,0.00699258,0.195095
2219,2.219,-0.19497,0.00699258,0.195095
2220,2.22,-0.19497,0.00699258,0.195095
2221,2.221,-0.19497,0.00699258,0.195095
2222,2.222,-0.19497,0.00699258,0.195095
2223,2.223,-0.19497,0.00699258,0.195095
2224,2.224,-0.19497,0.00699258,0.195095
2225,2.225,-0.19497,0.00699258,0.195095
2226,2.226,-0.19497,0.00699258,0.195095
2227,2.227,-0.19497,0.00699258,0.195095
2228,2.228,-0.19497,0.00699258,0.195095
2229,2.229,-0.19497,0.00699258,0.195095
2230,2.23,-0.19497,0.00699258,0.195095
2231,2.231,-0.19497,0.00699257,0.195095
2232,2.232,-0.19497,0.00699257,0.195095
2233,2.233,-0.19497,0.00699257,0.195095
2234,2.234,-0.19497,0.00699257,0.195095
2235,2.235,-0.19497,0.00699257,0.195095
2236,2.236,-0.19497,0.00699257,0.195095
2237,2.237,-0.19497,0.00699257,0.195095
2238,2.238,-0.19497,0.00699257,0.195095
2239,2.239,-0.19497,0.00699257,0.195095
2240,2.24,-0.19497,0.00699257,0.195095
2241,2.241,-0.19497,0.00699257,0.195095
2242,2.242,-0.19497,0.00699257,0.195095
2243,2.243,-0.19497,0.00699257,0.195095
2244,2.244,-0.19497,0.00699257,0.195095
2245,2.245,-0.19497,0.00699257,0.195095
2246,2.246,-0.19497,0.00699257,0.195095
2247,2.247,-0.19497,0.00699257,0.195095
2248,2.248,-0.19497,0.00699257,0.195095
2249,2.249,-0.19497,0.00699257,0.195095
2250,2.25,-0.19497,0.00699257,0.195095
2251,2.251,-0.19497,0.00699257,0.195095
2252,2.252,-0.19497,0.00699257,0.195095
2253,2.253,-0.19497,0.00699257,0.195095
2254,2.254,-0.19497,0.00699257,0.195095
2255,2.255,-0.19497,0.00699257,0.195095
2256,2.256,-0.19497,0.00699257,0.195095
2257,2.257,-0.19497,0.00699257,0.195095
2258,2.258,-0.19497,0.00699257,0.195095
2259,2.259,-0.19497,0.00699257,0.195095
2260,2.26,-0.19497,0.00699257,0.195095
2261,2.261,-0.19497,0.00699257,0.195095
2262,2.262,-0.19497,0.00699257,0.195095
2263,2.263,-0.19497,0.00699256,0.195095
2264,2.264,-0.19497,0.00699256,0.195095
2265,2.265,-0.19497,0.00699256,0.195095
2266,2.266,-0.19497,0.00699256,0.195095
2267,2.267,-0.19497,0.00699256,0.195095
2268,2.268,-0.19497,0.00699256,0.195095
2269,2.269,-0.19497,0.00699256,0.195095
2270,2.27,-0.19497,0.00699256,0.195095
2271,2.271,-0.19497,0.00699256,0.195095
2272,2.272,-0.19497,0.00699256,0.195095
2273,2.273,-0.19497,0.00699256,0.195095
2274,2.274,-0.19497,0.00699256,0.195095
2275,2.275,-0.19497,0.00699256,0.195095
2276,2.276,-0.19497,0.00699256,0.195095
2277,2.277,-0.19497,0.00699256,0.195095
2278,2.278,-0.19497,0.00699256,0.195095
2279,2.279,-0.19497,0.00699256,0.195095
2280,2.28,-0.19497,0.00699256,0.195095
2281,2.281,-0.19497,0.00699256,0.195095
2282,2.282,-0.19497,0.00699256,0.195095
2283,2.283,-0.19497,0.00699256,0.195095
2284,2.284,-0.19497,0.00699256,0.195095
2285,2.285,-0.19497,0.00699256,0.195095
2286,2.286,-0.19497,0.00699256,0.195095
2287,2.287,-0.19497,0.00699256,0.195095
2288,2.288,-0.19497,0.00699256,0.195095
2289,2.289,-0.19497,0.00699256,0.195095
2290,2.29,-0.19497,0.00699256,0.195095
2291,2.291,-0.19497,0.00699256,0.195095
2292,2.292,-0.19497,0.00699256,0.195095
2293,2.293,-0.19497,0.00699256,0.195095
2294,2.294,-0.19497,0.00699256,0.195095
2295,2.295,-0.19497,0.00699256,0.195095
2296,2.296,-0.19497,0.00699256,0.195095
2297,2.297,-0.19497,0.00699256,0.195095
2298,2.298,-0.19497,0.00699256,0.195095
2299,2.299,-0.19497,0.00699256,0.195095
2300,2.3,-0.19497,0.00699256,0.195095
2301,2.301,-0.19497,0.00699256,0.195095
2302,2.302,-0.19497,0.00699256,0.195095
2303,2.303,-0.19497,0.00699255,0.195095
2304,2.304,-0.19497,0.00699255,0.195095
2305,2.305,-0.19497,0.00699255,0.195095
2306,2.306,-0.19497,0.00699255,0.195095
2307,2.307,-0.19497,0.00699255,0.195095
2308,2.308,-0.19497,0.00699255,0.195095
2309,2.309,-0.19497,0.00699255,0.195095
2310,2.31,-0.19497,0.00699255,0.195095
2311,2.311,-0.19497,0.00699255,0.195095
2312,2.312,-0.19497,0.00699255,0.195095
2313,2.313,-0.19497,0.00699255,0.195095
2314,2.314,-0.19497,0.00699255,0.195095
2315,2.315,-0.19497,0.00699255,0.195095
2316,2.316,-0.19497,0.00699255,0.195095
2317,2.317,-0.19497,0.00699255,0.195095
2318,2.318,-0.19497,0.00699255,0.195095
2319,2.319,-0.19497,0.00699255,0.195095
2320,2.32,-0.19497,0.00699255,0.195095
2321,2.321,-0.19497,0.00699255,0.195095
2322,2.322,-0.19497,0.00699255,0.195095
2323,2.323,-0.19497,0.00699255,0.195095
2324,2.324,-0.19497,0.00699255,0.195095
2325,2.325,-0.19497,0.00699255,0.195095
2326,2.326,-0.19497,0.00699255,0.195095
2327,2.327,-0.19497,0.00699255,0.195095
2328,2.328,-0.19497,0.00699255,0.195095
2329,2.329,-0.19497,0.00699255,0.195095
2330,2.33,-0.19497,0.00699255,0.195095
2331,2.331,-0.19497,0.00699255,0.195095
2332,2.332,-0.19497,0.00699255,0.195095
2333,2.333,-0.19497,0.00699255,0.195095
2334,2.334,-0.19497,0.00699255,0.195095
2335,2.335,-0.19497,0.00699255,0.195095
2336,2.336,-0.19497,0.00699255,0.195095
2337,2.337,-0.19497,0.00699255,0.195095
2338,2.338,-0.19497,0.00699255,0.195095
2339,2.339,-0.19497,0.00699255,0.195095
2340,2.34,-0.19497,0.00699255,0.195095
2341,2.341,-0.19497,0.00699255,0.195095
2342,2.342,-0.19497,0.00699255,0.195095
2343,2.343,-0.19497,0.00699255,0.195095
2344,2.344,-0.19497,0.00699255,0.195095
2345,2.345,-0.19497,0.00699255,0.195095
2346,2.346,-0.19497,0.00699255,0.195095
2347,2.347,-0.19497,0.00699255,0.195095
2348,2.348,-0.19497,0.00699255,0.195095
2349,2.349,-0.19497,0.00699255,0.195095
2350,2.35,-0.19497,0.00699255,0.195095
2351,2.351,-0.19497,0.00699255,0.195095
2352,2.352,-0.19497,0.00699254,0.195095
2353,2.353,-0.19497,0.00699254,0.195095
2354,2.354,-0.19497,0.00699254,0.195095
2355,2.355,-0.19497,0.00699254,0.195095
2356,2.356,-0.19497,0.00699254,0.195095
2357,2.357,-0.19497,0.00699254,0.195095
2358,2.358,-0.19497,0.00699254,0.195095
2359,2.359,-0.19497,0.00699254,0.195095
2360,2.36,-0.19497,0.00699254,0.195095
2361,2.361,-0.19497,0.00699254,0.195095
2362,2.362,-0.19497,0.00699254,0.195095
2363,2.363,-0.19497,0.00699254,0.195095
2364,2.364,-0.19497,0.00699254,0.195095
2365,2.365,-0.19497,0.00699254,0.195095
2366,2.366,-0.19497,0.00699254,0.195095
2367,2.367,-0.19497,0.00699254,0.195095
2368,2.368,-0.19497,0.00699254,0.195095
2369,2.369,-0.19497,0.00699254,0.195095
2370,2.37,-0.19497,0.00699254,0.195095
2371,2.371,-0.19497,0.00699254,0.195095
2372,2.372,-0.19497,0.00699254,0.195095
2373,2.373,-0.19497,0.00699254,0.195095
2374,2.374,-0.19497,0.00699254,0.195095
2375,2.375,-0.19497,0.00699254,0.195095
2376,2.376,-0.19497,0.00699254,0.195095
2377,2.377,-0.19497,0.00699254,0.195095
2378,2.378,-0.19497,0.00699254,0.195095
2379,2.379,-0.19497,0.00699254,0.195095
2380,2.38,-0.19497,0.00699254,0.195095
2381,2.381,-0.19497,0.00699254,0.195095
2382,2.382,-0.19497,0.00699254,0.195095
2383,2.383,-0.19497,0.00699254,0.195095
2384,2.384,-0.19497,0.00699254,0.195095
2385,2.385,-0.19497,0.00699254,0.195095
2386,2.386,-0.19497,0.00699254,0.195095
2387,2.387,-0.19497,0.00699254,0.195095
2388,2.388,-0.19497,0.00699254,0.195095
2389,2.389,-0.19497,0.00699254,0.195095
2390,2.39,-0.19497,0.00699254,0.195095
2391,2.391,-0.19497,0.00699254,0.195095
2392,2.392,-0.19497,0.00699254,0.195095
2393,2.393,-0.19497,0.00699254,0.195095
2394,2.394,-0.19497,0.00699254,0.195095
2395,2.395,-0.19497,0.00699254,0.195095
2396,2.396,-0.19497,0.00699254,0.195095
2397,2.397,-0.19497,0.00699254,0.195095
2398,2.398,-0.19497,0.00699254,0.195095
2399,2.399,-0.19497,0.00699254,0.195095
2400,2.4,-0.19497,0.00699254,0.195095
2401,2.401,-0.19497,0.00699254,0.195095
2402,2.402,-0.19497,0.00699254,0.195095
2403,2.403,-0.19497,0.00699254,0.195095
2404,2.404,-0.19497,0.00699254,0.195095
2405,2.405,-0.19497,0.00699254,0.195095
2406,2.406,-0.19497,0.00699254,0.195095
2407,2.407,-0.19497,0.00699254,0.195095
2408,2.408,-0.19497,0.00699254,0.195095
2409,2.409,-0.19497,0.00699254,0.195095
2410,2.41,-0.19497,0.00699254,0.195095
2411,2.411,-0.19497,0.00699254,0.195095
2412,2.412,-0.19497,0.00699254,0.195095
2413,2.413,-0.19497,0.00699254,0.195095
2414,2.414,-0.19497,0.00699254,0.195095
2415,2.415,-0.19497,0.00699254,0.195095
2416,2.416,-0.19497,0.00699254,0.195095
2417,2.417,-0.19497,0.00699254,0.195095
2418,2.418,-0.19497,0.00699254,0.195095
2419,2.419,-0.19497,0.00699253,0.195095
2420,2.42,-0.19497,0.00699253,0.195095
2421,2.421,-0.19497,0.00699253,0.195095
2422,2.422,-0.19497,0.00699253,0.195095
2423,2.423,-0.19497,0.00699253,0.195095
2424,2.424,-0.19497,0.00699253,0.195095
2425,2.425,-0.19497,0.00699253,0.195095
2426,2.426,-0.19497,0.00699253,0.195095
2427,2.427,-0.19497,0.00699253,0.195095
2428,2.428,-0.19497,0.00699253,0.195095
2429,2.429,-0.19497,0.00699253,0.195095
2430,2.43,-0.19497,0.00699253,0.195095
2431,2.431,-0.19497,0.00699253,0.195095
2432,2.432,-0.19497,0.00699253,0.195095
2433,2.433,-0.19497,0.00699253,0.195095
2434,2.434,-0.19497,0.00699253,0.195095
2435,2.435,-0.19497,0.00699253,0.195095
2436,2.436,-0.19497,0.00699253,0.195095
2437,2.437,-0.19497,0.00699253,0.195095
2438,2.438,-0.19497,0.00699253,0.195095
2439,2.439,-0.19497,0.00699253,0.195095
2440,2.44,-0.19497,0.00699253,0.195095
2441,2.441,-0.19497,0.00699253,0.195095
2442,2.442,-0.19497,0.00699253,0.195095
2443,2.443,-0.19497,0.00699253,0.195095
2444,2.444,-0.19497,0.00699253,0.195095
2445,2.445,-0.19497,0.00699253,0.195095
2446,2.446,-0.19497,0.00699253,0.195095
2447,2.447,-0.19497,0.00699253,0.195095
2448,2.448,-0.19497,0.00699253,0.195095
2449,2.449,-0.19497,0.00699253,0.195095
2450,2.45,-0.19497,0.00699253,0.195095
2451,2.451,-0.19497,0.00699253,0.195095
2452,2.452,-0.19497,0.00699253,0.195095
2453,2.453,-0.19497,0.00699253,0.195095
2454,2.454,-0.19497,0.00699253,0.195095
2455,2.455,-0.19497,0.00699253,0.195095
2456,2.456,-0.19497,0.00699253,0.195095
2457,2.457,-0.19497,0.00699253,0.195095
2458,2.458,-0.19497,0.00699253,0.195095
2459,2.459,-0.19497,0.00699253,0.195095
2460,2.46,-0.19497,0.00699253,0.195095
2461,2.461,-0.19497,0.00699253,0.195095
2462,2.462,-0.19497,0.00699253,0.195095
2463,2.463,-0.19497,0.00699253,0.195095
2464,2.464,-0.19497,0.00699253,0.195095
2465,2.465,-0.19497,0.00699253,0.195095
2466,2.466,-0.19497,0.00699253,0.195095
2467,2.467,-0.19497,0.00699253,0.195095
2468,2.468,-0.19497,0.00699253,0.195095
2469,2.469,-0.19497,0.00699253,0.195095
2470,2.47,-0.19497,0.00699253,0.195095
2471,2.471,-0.19497,0.00699253,0.195095
2472,2.472,-0.19497,0.00699253,0.195095
2473,2.473,-0.19497,0.00699253,0.195095
2474,2.474,-0.19497,0.00699253,0.195095
2475,2.475,-0.19497,0.00699253,0.195095
2476,2.476,-0.19497,0.00699253,0.195095
2477,2.477,-0.19497,0.00699253,0.195095
2478,2.478,-0.19497,0.00699253,0.195095
2479,2.479,-0.19497,0.00699253,0.195095
2480,2.48,-0.19497,0.00699253,0.195095
2481,2.481,-0.19497,0.00699253,0.195095
2482,2.482,-0.19497,0.00699253,0.195095
2483,2.483,-0.19497,0.00699253,0.195095
2484,2.484,-0.19497,0.00699253,0.195095
2485,2.485,-0.19497,0.00699253,0.195095
2486,2.486,-0.19497,0.00699253,0.195095
2487,2.487,-0.19497,0.00699253,0.195095
2488,2.488,-0.19497,0.00699253,0.195095
2489,2.489,-0.19497,0.00699253,0.195095
2490,2.49,-0.19497,0.00699253,0.195095
2491,2.491,-0.19497,0.00699253,0.195095
2492,2.492,-0.19497,0.00699253,0.195095
2493,2.493,-0.19497,0.00699253,0.195095
2494,2.494,-0.19497,0.00699253,0.195095
2495,2.495,-0.19497,0.00699253,0.195095
2496,2.496,-0.19497,0.00699253,0.195095
2497,2.497,-0.19497,0.00699253,0.195095
2498,2.498,-0.19497,0.00699253,0.195095
2499,2.499,-0.19497,0.00699253,0.195095
2500,2.5,-0.19497,0.00699253,0.195095
2501,2.501,-0.19497,0.00699253,0.195095
2502,2.502,-0.19497,0.00699253,0.195095
2503,2.503,-0.19497,0.00699253,0.195095
2504,2.504,-0.19497,0.00699253,0.195095
2505,2.505,-0.19497,0.00699253,0.195095
2506,2.506,-0.19497,0.00699253,0.195095
2507,2.507,-0.19497,0.00699253,0.195095
2508,2.508,-0.19497,0.00699253,0.195095
2509,2.509,-0.19497,0.00699253,0.195095
2510,2.51,-0.19497,0.00699253,0.195095
2511,2.511,-0.19497,0.00699253,0.195095
2512,2.512,-0.19497,0.00699253,0.195095
2513,2.513,-0.19497,0.00699253,0.195095
2514,2.514,-0.19497,0.00699253,0.195095
2515,2.515,-0.19497,0.00699253,0.195095
2516,2.516,-0.19497,0.00699253,0.195095
2517,2.517,-0.19497,0.00699253,0.195095
2518,2.518,-0.19497,0.00699253,0.195095
2519,2.519,-0.19497,0.00699253,0.195095
2520,2.52,-0.19497,0.00699253,0.195095
2521,2.521,-0.19497,0.00699253,0.195095
2522,2.522,-0.19497,0.00699253,0.195095
2523,2.523,-0.19497,0.00699253,0.195095
2524,2.524,-0.19497,0.00699253,0.195095
2525,2.525,-0.19497,0.00699252,0.195095
2526,2.526,-0.19497,0.00699252,0.195095
2527,2.527,-0.19497,0.00699252,0.195095
2528,2.528,-0.19497,0.00699252,0.195095
2529,2.529,-0.19497,0.00699252,0.195095
2530,2.53,-0.19497,0.00699252,0.195095
2531,2.531,-0.19497,0.00699252,0.195095
2532,2.532,-0.19497,0.00699252,0.195095
2533,2.533,-0.19497,0.00699252,0.195095
2534,2.534,-0.19497,0.00699252,0.195095
2535,2.535,-0.19497,0.00699252,0.195095
2536,2.536,-0.19497,0.00699252,0.195095
2537,2.537,-0.19497,0.00699252,0.195095
2538,2.538,-0.19497,0.00699252,0.195095
2539,2.539,-0.19497,0.00699252,0.195095
2540,2.54,-0.19497,0.00699252,0.195095
2541,2.541,-0.19497,0.00699252,0.195095
2542,2.542,-0.19497,0.00699252,0.195095
2543,2.543,-0.19497,0.00699252,0.195095
2544,2.544,-0.19497,0.00699252,0.195095
2545,2.545,-0.19497,0.00699252,0.195095
2546,2.546,-0.19497,0.00699252,0.195095
2547,2.547,-0.19497,0.00699252,0.195095
2548,2.548,-0.19497,0.00699252,0.195095
2549,2.549,-0.19497,0.00699252,0.195095
2550,2.55,-0.19497,0.00699252,0.195095
2551,2.551,-0.19497,0.00699252,0.195095
2552,2.552,-0.19497,0.00699252,0.195095
2553,2.553,-0.19497,0.00699252,0.195095
2554,2.554,-0.19497,0.00699252,0.195095
2555,2.555,-0.19497,0.00699252,0.195095
2556,2.556,-0.19497,0.00699252,0.195095
2557,2.557,-0.19497,0.00699252,0.195095
2558,2.558,-0.19497,0.00699252,0.195095
2559,2.559,-0.19497,0.00699252,0.195095
2560,2.56,-0.19497,0.00699252,0.195095
2561,2.561,-0.19497,0.00699252,0.195095
2562,2.562,-0.19497,0.00699252,0.195095
2563,2.563,-0.19497,0.00699252,0.195095
2564,2.564,-0.19497,0.00699252,0.195095
2565,2.565,-0.19497,0.00699252,0.195095
2566,2.566,-0.19497,0.00699252,0.195095
2567,2.567,-0.19497,0.00699252,0.195095
2568,2.568,-0.19497,0.00699252,0.195095
2569,2.569,-0.19497,0.00699252,0.195095
2570,2.57,-0.19497,0.00699252,0.195095
2571,2.571,-0.19497,0.00699252,0.195095
2572,2.572,-0.19497,0.00699252,0.195095
2573,2.573,-0.19497,0.00699252,0.195095
2574,2.574,-0.19497,0.00699252,0.195095
2575,2.575,-0.19497,0.00699252,0.195095
2576,2.576,-0.19497,0.00699252,0.195095
2577,2.577,-0.19497,0.00699252,0.195095
2578,2.578,-0.19497,0.00699252,0.195095
2579,2.579,-0.19497,0.00699252,0.195095
2580,2.58,-0.19497,0.00699252,0.195095
2581,2.581,-0.19497,0.00699252,0.195095
2582,2.582,-0.19497,0.00699252,0.195095
2583,2.583,-0.19497,0.00699252,0.195095
2584,2.584,-0.19497,0.00699252,0.195095
2585,2.585,-0.19497,0.00699252,0.195095
2586,2.586,-0.19497,0.00699252,0.195095
2587,2.587,-0.19497,0.00699252,0.195095
2588,2.588,-0.19497,0.00699252,0.195095
2589,2.589,-0.19497,0.00699252,0.195095
2590,2.59,-0.19497,0.00699252,0.195095
2591,2.591,-0.19497,0.00699252,0.195095
2592,2.592,-0.19497,0.00699252,0.195095
2593,2.593,-0.19497,0.00699252,0.195095
2594,2.594,-0.19497,0.00699252,0.195095
2595,2.595,-0.19497,0.00699252,0.195095
2596,2.596,-0.19497,0.00699252,0.195095
2597,2.597,-0.19497,0.00699252,0.195095
2598,2.598,-0.19497,0.00699252,0.195095
2599,2.599,-0.19497,0.00699252,0.195095
2600,2.6,-0.19497,0.00699252,0.195095
2601,2.601,-0.19497,0.00699252,0.195095
2602,2.602,-0.19497,0.00699252,0.195095
2603,2.603,-0.19497,0.00699252,0.195095
2604,2.604,-0.19497,0.00699252,0.195095
2605,2.605,-0.19497,0.00699252,0.195095
2606,2.606,-0.19497,0.00699252,0.195095
2607,2.607,-0.19497,0.00699252,0.195095
2608,2.608,-0.19497,0.00699252,0.195095
2609,2.609,-0.19497,0.00699252,0.195095
2610,2.61,-0.19497,0.00699252,0.195095
2611,2.611,-0.19497,0.00699252,0.195095
2612,2.612,-0.19497,0.00699252,0.195095
2613,2.613,-0.19497,0.00699252,0.195095
2614,2.614,-0.19497,0.00699252,0.195095
2615,2.615,-0.19497,0.00699252,0.195095
2616,2.616,-0.19497,0.00699252,0.195095
2617,2.617,-0.19497,0.00699252,0.195095
2618,2.618,-0.19497,0.00699252,0.195095
2619,2.619,-0.19497,0.00699252,0.195095
2620,2.62,-0.19497,0.00699252,0.195095
2621,2.621,-0.19497,0.00699252,0.195095
2622,2.622,-0.19497,0.00699252,0.195095
2623,2.623,-0.19497,0.00699252,0.195095
2624,2.624,-0.19497,0.00699252,0.195095
2625,2.625,-0.19497,0.00699252,0.195095
2626,2.626,-0.19497,0.00699252,0.195095
2627,2.627,-0.19497,0.00699252,0.195095
2628,2.628,-0.19497,0.00699252,0.195095
2629,2.629,-0.19497,0.00699252,0.195095
2630,2.63,-0.19497,0.00699252,0.195095
2631,2.631,-0.19497,0.00699252,0.195095
2632,2.632,-0.19497,0.00699252,0.195095
2633,2.633,-0.19497,0.00699252,0.195095
2634,2.634,-0.19497,0.00699252,0.195095
2635,2.635,-0.19497,0.00699252,0.195095
2636,2.636,-0.19497,0.00699252,0.195095
2637,2.637,-0.19497,0.00699252,0.195095
2638,2.638,-0.19497,0.00699252,0.195095
2639,2.639,-0.19497,0.00699252,0.195095
2640,2.64,-0.19497,0.00699252,0.195095
2641,2.641,-0.19497,0.00699252,0.195095
2642,2.642,-0.19497,0.00699252,0.195095
2643,2.643,-0.19497,0.00699252,0.195095
2644,2.644,-0.19497,0.00699252,0.195095
2645,2.645,-0.19497,0.00699252,0.195095
2646,2.646,-0.19497,0.00699252,0.195095
2647,2.647,-0.19497,0.00699252,0.195095
2648,2.648,-0.19497,0.00699252,0.195095
2649,2.649,-0.19497,0.00699252,0.195095
2650,2.65,-0.19497,0.00699252,0.195095
2651,2.651,-0.19497,0.00699252,0.195095
2652,2.652,-0.19497,0.00699252,0.195095
2653,2.653,-0.19497,0.00699252,0.195095
2654,2.654,-0.19497,0.00699252,0.195095
2655,2.655,-0.19497,0.00699252,0.195095
2656,2.656,-0.19497,0.00699252,0.195095
2657,2.657,-0.19497,0.00699252,0.195095
2658,2.658,-0.19497,0.00699252,0.195095
2659,2.659,-0.19497,0.00699252,0.195095
2660,2.66,-0.19497,0.00699252,0.195095
2661,2.661,-0.19497,0.00699252,0.195095
2662,2.662,-0.19497,0.00699252,0.195095
2663,2.663,-0.19497,0.00699252,0.195095
2664,2.664,-0.19497,0.00699252,0.195095
2665,2.665,-0.19497,0.00699252,0.195095
2666,2.666,-0.19497,0.00699252,0.195095
2667,2.667,-0.19497,0.00699252,0.195095
2668,2.668,-0.19497,0.00699252,0.195095
2669,2.669,-0.19497,0.00699252,0.195095
2670,2.67,-0.19497,0.00699252,0.195095
2671,2.671,-0.19497,0.00699252,0.195095
2672,2.672,-0.19497,0.00699252,0.195095
2673,2.673,-0.19497,0.00699252,0.195095
2674,2.674,-0.19497,0.00699252,0.195095
2675,2.675,-0.19497,0.00699252,0.195095
2676,2.676,-0.19497,0.00699252,0.195095
2677,2.677,-0.19497,0.00699252,0.195095
2678,2.678,-0.19497,0.00699252,0.195095
2679,2.679,-0.19497,0.00699252,0.195095
2680,2.68,-0.19497,0.00699252,0.195095
2681,2.681,-0.19497,0.00699252,0.195095
2682,2.682,-0.19497,0.00699252,0.195095
2683,2.683,-0.19497,0.00699252,0.195095
2684,2.684,-0.19497,0.00699252,0.195095
2685,2.685,-0.19497,0.00699252,0.195095
2686,2.686,-0.19497,0.00699252,0.195095
2687,2.687,-0.19497,0.00699252,0.195095
2688,2.688,-0.19497,0.00699252,0.195095
2689,2.689,-0.19497,0.00699252,0.195095
2690,2.69,-0.19497,0.00699252,0.195095
2691,2.691,-0.19497,0.00699252,0.195095
2692,2.692,-0.19497,0.00699252,0.195095
2693,2.693,-0.19497,0.00699252,0.195095
2694,2.694,-0.19497,0.00699252,0.195095
2695,2.695,-0.19497,0.00699252,0.195095
2696,2.696,-0.19497,0.00699252,0.195095
2697,2.697,-0.19497,0.00699252,0.195095
2698,2.698,-0.19497,0.00699252,0.195095
2699,2.699,-0.19497,0.00699252,0.195095
2700,2.7,-0.19497,0.00699252,0.195095
2701,2.701,-0.19497,0.00699252,0.195095
2702,2.702,-0.19497,0.00699252,0.195095
2703,2.703,-0.19497,0.00699252,0.195095
2704,2.704,-0.19497,0.00699252,0.195095
2705,2.705,-0.19497,0.00699252,0.195095
2706,2.706,-0.19497,0.00699252,0.195095
2707,2.707,-0.19497,0.00699252,0.195095
2708,2.708,-0.19497,0.00699252,0.195095
2709,2.709,-0.19497,0.00699252,0.195095
2710,2.71,-0.19497,0.00699252,0.195095
2711,2.711,-0.19497,0.00699252,0.195095
2712,2.712,-0.19497,0.00699252,0.195095
2713,2.713,-0.19497,0.00699252,0.195095
2714,2.714,-0.19497,0.00699252,0.195095
2715,2.715,-0.19497,0.00699252,0.195095
2716,2.716,-0.19497,0.00699252,0.195095
2717,2.717,-0.19497,0.00699252,0.195095
2718,2.718,-0.19497,0.00699252,0.195095
2719,2.719,-0.19497,0.00699252,0.195095
2720,2.72,-0.19497,0.00699252,0.195095
2721,2.721,-0.19497,0.00699252,0.195095
2722,2.722,-0.19497,0.00699252,0.195095
2723,2.723,-0.19497,0.00699252,0.195095
2724,2.724,-0.19497,0.00699252,0.195095
2725,2.725,-0.19497,0.00699252,0.195095
2726,2.726,-0.19497,0.00699252,0.195095
2727,2.727,-0.19497,0.00699252,0.195095
2728,2.728,-0.19497,0.00699252,0.195095
2729,2.729,-0.19497,0.00699252,0.195095
2730,2.73,-0.19497,0.00699252,0.195095
2731,2.731,-0.19497,0.00699252,0.195095
2732,2.732,-0.19497,0.00699252,0.195095
2733,2.733,-0.19497,0.00699252,0.195095
2734,2.734,-0.19497,0.00699252,0.195095
2735,2.735,-0.19497,0.00699252,0.195095
2736,2.736,-0.19497,0.00699252,0.195095
2737,2.737,-0.19497,0.00699252,0.195095
2738,2.738,-0.19497,0.00699252,0.195095
2739,2.739,-0.19497,0.00699252,0.195095
2740,2.74,-0.19497,0.00699252,0.195095
2741,2.741,-0.19497,0.00699252,0.195095
2742,2.742,-0.19497,0.00699252,0.195095
2743,2.743,-0.19497,0.00699252,0.195095
2744,2.744,-0.19497,0.00699252,0.195095
2745,2.745,-0.19497,0.00699252,0.195095
2746,2.746,-0.19497,0.00699252,0.195095
2747,2.747,-0.19497,0.00699252,0.195095
2748,2.748,-0.19497,0.00699252,0.195095
2749,2.749,-0.19497,0.00699252,0.195095
2750,2.75,-0.19497,0.00699252,0.195095
2751,2.751,-0.19497,0.00699252,0.195095
2752,2.752,-0.19497,0.00699252,0.195095
2753,2.753,-0.19497,0.00699252,0.195095
2754,2.754,-0.19497,0.00699252,0.195095
2755,2.755,-0.19497,0.00699252,0.195095
2756,2.756,-0.19497,0.00699252,0.195095
2757,2.757,-0.19497,0.00699252,0.195095
2758,2.758,-0.19497,0.00699252,0.195095
2759,2.759,-0.19497,0.00699252,0.195095
2760,2.76,-0.19497,0.00699252,0.195095
2761,2.761,-0.19497,0.00699252,0.195095
2762,2.762,-0.19497,0.00699252,0.195095
2763,2.763,-0.19497,0.00699252,0.195095
2764,2.764,-0.19497,0.00699252,0.195095
2765,2.765,-0.19497,0.00699252,0.195095
2766,2.766,-0.19497,0.00699252,0.195095
2767,2.767,-0.19497,0.00699252,0.195095
2768,2.768,-0.19497,0.00699252,0.195095
2769,2.769,-0.19497,0.00699252,0.195095
2770,2.77,-0.19497,0.00699252,0.195095
2771,2.771,-0.19497,0.00699252,0.195095
2772,2.772,-0.19497,0.00699252,0.195095
2773,2.773,-0.19497,0.00699252,0.195095
2774,2.774,-0.19497,0.00699252,0.195095
2775,2.775,-0.19497,0.00699252,0.195095
2776,2.776,-0.19497,0.00699252,0.195095
2777,2.777,-0.19497,0.00699252,0.195095
2778,2.778,-0.19497,0.00699252,0.195095
2779,2.779,-0.19497,0.00699252,0.195095
2780,2.78,-0.19497,0.00699252,0.195095
2781,2.781,-0.19497,0.00699252,0.195095
2782,2.782,-0.19497,0.00699252,0.195095
2783,2.783,-0.19497,0.00699252,0.195095
2784,2.784,-0.19497,0.00699252,0.195095
2785,2.785,-0.19497,0.00699251,0.195095
2786,2.786,-0.19497,0.00699251,0.195095
2787,2.787,-0.19497,0.00699251,0.195095
2788,2.788,-0.19497,0.00699251,0.195095
2789,2.789,-0.19497,0.00699251,0.195095
2790,2.79,-0.19497,0.00699251,0.195095
2791,2.791,-0.19497,0.00699251,0.195095
2792,2.792,-0.19497,0.00699251,0.195095
2793,2.793,-0.19497,0.00699251,0.195095
2794,2.794,-0.19497,0.00699251,0.195095
2795,2.795,-0.19497,0.00699251,0.195095
2796,2.796,-0.19497,0.00699251,0.195095
2797,2.797,-0.19497,0.00699251,0.195095
2798,2.798,-0.19497,0.00699251,0.195095
2799,2.799,-0.19497,0.00699251,0.195095
2800,2.8,-0.19497,0.00699251,0.195095
2801,2.801,-0.19497,0.00699251,0.195095
2802,2.802,-0.19497,0.00699251,0.195095
2803,2.803,-0.19497,0.00699251,0.195095
2804,2.804,-0.19497,0.00699251,0.195095
2805,2.805,-0.19497,0.00699251,0.195095
2806,2.806,-0.19497,0.00699251,0.195095
2807,2.807,-0.19497,0.00699251,0.195095
2808,2.808,-0.19497,0.00699251,0.195095
2809,2.809,-0.19497,0.00699251,0.195095
2810,2.81,-0.19497,0.00699251,0.195095
2811,2.811,-0.19497,0.00699251,0.195095
2812,2.812,-0.19497,0.00699251,0.195095
2813,2.813,-0.19497,0.00699251,0.195095
2814,2.814,-0.19497,0.00699251,0.195095
2815,2.815,-0.19497,0.00699251,0.195095
2816,2.816,-0.19497,0.00699251,0.195095
2817,2.817,-0.19497,0.00699251,0.195095
2818,2.818,-0.19497,0.00699251,0.195095
2819,2.819,-0.19497,0.00699251,0.195095
2820,2.82,-0.19497,0.00699251,0.195095
2821,2.821,-0.19497,0.00699251,0.195095
2822,2.822,-0.19497,0.00699251,0.195095
2823,2.823,-0.19497,0.00699251,0.195095
2824,2.824,-0.19497,0.00699251,0.195095
2825,2.825,-0.19497,0.00699251,0.195095
2826,2.826,-0.19497,0.00699251,0.195095
2827,2.827,-0.19497,0.00699251,0.195095
2828,2.828,-0.19497,0.00699251,0.195095
2829,2.829,-0.19497,0.00699251,0.195095
2830,2.83,-0.19497,0.00699251,0.195095
2831,2.831,-0.19497,0.00699251,0.195095
2832,2.832,-0.19497,0.00699251,0.195095
2833,2.833,-0.19497,0.00699251,0.195095
2834,2.834,-0.19497,0.00699251,0.195095
2835,2.835,-0.19497,0.00699251,0.195095
2836,2.836,-0.19497,0.00699251,0.195095
2837,2.837,-0.19497,0.00699251,0.195095
2838,2.838,-0.19497,0.00699251,0.195095
2839,2.839,-0.19497,0.00699251,0.195095
2840,2.84,-0.19497,0.00699251,0.195095
2841,2.841,-0.19497,0.00699251,0.195095
2842,2.842,-0.19497,0.00699251,0.195095
2843,2.843,-0.19497,0.00699251,0.195095
2844,2.844,-0.19497,0.00699251,0.195095
2845,2.845,-0.19497,0.00699251,0.195095
2846,2.846,-0.19497,0.00699251,0.195095
2847,2.847,-0.19497,0.00699251,0.195095
2848,2.848,-0.19497,0.00699251,0.195095
2849,2.849,-0.19497,0.00699251,0.195095
2850,2.85,-0.19497,0.00699251,0.195095
2851,2.851,-0.19497,0.00699251,0.195095
2852,2.852,-0.19497,0.00699251,0.195095
2853,2.853,-0.19497,0.00699251,0.195095
2854,2.854,-0.19497,0.00699251,0.195095
2855,2.855,-0.19497,0.00699251,0.195095
2856,2.856,-0.19497,0.00699251,0.195095
2857,2.857,-0.19497,0.00699251,0.195095
2858,2.858,-0.19497,0.00699251,0.195095
2859,2.859,-0.19497,0.00699251,0.195095
2860,2.86,-0.19497,0.00699251,0.195095
2861,2.861,-0.19497,0.00699251,0.195095
2862,2.862,-0.19497,0.00699251,0.195095
2863,2.863,-0.19497,0.00699251,0.195095
2864,2.864,-0.19497,0.00699251,0.195095
2865,2.865,-0.19497,0.00699251,0.195095
2866,2.866,-0.19497,0.00699251,0.195095
2867,2.867,-0.19497,0.00699251,0.195095
2868,2.868,-0.19497,0.00699251,0.195095
2869,2.869,-0.19497,0.00699251,0.195095
2870,2.87,-0.19497,0.00699251,0.195095
2871,2.871,-0.19497,0.00699251,0.195095
2872,2.872,-0.19497,0.00699251,0.195095
2873,2.873,-0.19497,0.00699251,0.195095
2874,2.874,-0.19497,0.00699251,0.195095
2875,2.875,-0.19497,0.00699251,0.195095
2876,2.876,-0.19497,0.00699251,0.195095
2877,2.877,-0.19497,0.00699251,0.195095
2878,2.878,-0.19497,0.00699251,0.195095
2879,2.879,-0.19497,0.00699251,0.195095
2880,2.88,-0.19497,0.00699251,0.195095
2881,2.881,-0.19497,0.00699251,0.195095
2882,2.882,-0.19497,0.00699251,0.195095
2883,2.883,-0.19497,0.00699251,0.195095
2884,2.884,-0.19497,0.00699251,0.195095
2885,2.885,-0.19497,0.00699251,0.195095
2886,2.886,-0.19497,0.00699251,0.195095
2887,2.887,-0.19497,0.00699251,0.195095
2888,2.888,-0.19497,0.00699251,0.195095
2889,2.889,-0.19497,0.00699251,0.195095
2890,2.89,-0.19497,0.00699251,0.195095
2891,2.891,-0.19497,0.00699251,0.195095
2892,2.892,-0.19497,0.00699251,0.195095
2893,2.893,-0.19497,0.00699251,0.195095
2894,2.894,-0.19497,0.00699251,0.195095
2895,2.895,-0.19497,0.00699251,0.195095
2896,2.896,-0.19497,0.00699251,0.195095
2897,2.897,-0.19497,0.00699251,0.195095
2898,2.898,-0.19497,0.00699251,0.195095
2899,2.899,-0.19497,0.00699251,0.195095
2900,2.9,-0.19497,0.00699251,0.195095
2901,2.901,-0.19497,0.00699251,0.195095
2902,2.902,-0.19497,0.00699251,0.195095
2903,2.903,-0.19497,0.00699251,0.195095
2904,2.904,-0.19497,0.00699251,0.195095
2905,2.905,-0.19497,0.00699251,0.195095
2906,2.906,-0.19497,0.00699251,0.195095
2907,2.907,-0.19497,0.00699251,0.195095
2908,2.908,-0.19497,0.00699251,0.195095
2909,2.909,-0.19497,0.00699251,0.195095
2910,2.91,-0.19497,0.00699251,0.195095
2911,2.911,-0.19497,0.00699251,0.195095
2912,2.912,-0.19497,0.00699251,0.195095
2913,2.913,-0.19497,0.00699251,0.195095
2914,2.914,-0.19497,0.00699251,0.195095
2915,2.915,-0.19497,0.00699251,0.195095
2916,2.916,-0.19497,0.00699251,0.195095
2917,2.917,-0.19497,0.00699251,0.195095
2918,2.918,-0.19497,0.00699251,0.195095
2919,2.919,-0.19497,0.00699251,0.195095
2920,2.92,-0.19497,0.00699251,0.195095
2921,2.921,-0.19497,0.00699251,0.195095
2922,2.922,-0.19497,0.00699251,0.195095
2923,2.923,-0.19497,0.00699251,0.195095
2924,2.924,-0.19497,0.00699251,0.195095
2925,2.925,-0.19497,0.00699251,0.195095
2926,2.926,-0.19497,0.00699251,0.195095
2927,2.927,-0.19497,0.00699251,0.195095
2928,2.928,-0.19497,0.00699251,0.195095
2929,2.929,-0.19497,0.00699251,0.195095
2930,2.93,-0.19497,0.00699251,0.195095
2931,2.931,-0.19497,0.00699251,0.195095
2932,2.932,-0.19497,0.00699251,0.195095
2933,2.933,-0.19497,0.00699251,0.195095
2934,2.934,-0.19497,0.00699251,0.195095
2935,2.935,-0.19497,0.00699251,0.195095
2936,2.936,-0.19497,0.00699251,0.195095
2937,2.937,-0.19497,0.00699251,0.195095
2938,2.938,-0.19497,0.00699251,0.195095
2939,2.939,-0.19497,0.00699251,0.195095
2940,2.94,-0.19497,0.00699251,0.195095
2941,2.941,-0.19497,0.00699251,0.195095
2942,2.942,-0.19497,0.00699251,0.195095
2943,2.943,-0.19497,0.00699251,0.195095
2944,2.944,-0.19497,0.00699251,0.195095
2945,2.945,-0.19497,0.00699251,0.195095
2946,2.946,-0.19497,0.00699251,0.195095
2947,2.947,-0.19497,0.00699251,0.195095
2948,2.948,-0.19497,0.00699251,0.195095
2949,2.949,-0.19497,0.00699251,0.195095
2950,2.95,-0.19497,0.00699251,0.195095
2951,2.951,-0.19497,0.00699251,0.195095
2952,2.952,-0.19497,0.00699251,0.195095
2953,2.953,-0.19497,0.00699251,0.195095
2954,2.954,-0.19497,0.00699251,0.195095
2955,2.955,-0.19497,0.00699251,0.195095
2956,2.956,-0.19497,0.00699251,0.195095
2957,2.957,-0.19497,0.00699251,0.195095
2958,2.958,-0.19497,0.00699251,0.195095
2959,2.959,-0.19497,0.00699251,0.195095
2960,2.96,-0.19497,0.00699251,0.195095
2961,2.961,-0.19497,0.00699251,0.195095
2962,2.962,-0.19497,0.00699251,0.195095
2963,2.963,-0.19497,0.00699251,0.195095
2964,2.964,-0.19497,0.00699251,0.195095
2965,2.965,-0.19497,0.00699251,0.195095
2966,2.966,-0.19497,0.00699251,0.195095
2967,2.967,-0.19497,0.00699251,0.195095
2968,2.968,-0.19497,0.00699251,0.195095
2969,2.969,-0.19497,0.00699251,0.195095
2970,2.97,-0.19497,0.00699251,0.195095
2971,2.971,-0.19497,0.00699251,0.195095
2972,2.972,-0.19497,0.00699251,0.195095
2973,2.973,-0.19497,0.00699251,0.195095
2974,2.974,-0.19497,0.00699251,0.195095
2975,2.975,-0.19497,0.00699251,0.195095
2976,2.976,-0.19497,0.00699251,0.195095
2977,2.977,-0.19497,0.00699251,0.195095
2978,2.978,-0.19497,0.00699251,0.195095
2979,2.979,-0.19497,0.00699251,0.195095
2980,2.98,-0.19497,0.00699251,0.195095
2981,2.981,-0.19497,0.00699251,0.195095
2982,2.982,-0.19497,0.00699251,0.195095
2983,2.983,-0.19497,0.00699251,0.195095
2984,2.984,-0.19497,0.00699251,0.195095
2985,2.985,-0.19497,0.00699251,0.195095
2986,2.986,-0.19497,0.00699251,0.195095
2987,2.987,-0.19497,0.00699251,0.195095
2988,2.988,-0.19497,0.00699251,0.195095
2989,2.989,-0.19497,0.00699251,0.195095
2990,2.99,-0.19497,0.00699251,0.195095
2991,2.991,-0.19497,0.00699251,0.195095
2992,2.992,-0.19497,0.00699251,0.195095
2993,2.993,-0.19497,0.00699251,0.195095
2994,2.994,-0.19497,0.00699251,0.195095
2995,2.995,-0.19497,0.00699251,0.195095
2996,2.996,-0.19497,0.00699251,0.195095
2997,2.997,-0.19497,0.00699251,0.195095
2998,2.998,-0.19497,0.00699251,0.195095
2999,2.999,-0.19497,0.00699251,0.195095
3000,3,-0.19497,0.00699251,0.195095
3001,3.001,-0.19497,0.00699251,0.195095
3002,3.002,-0.19497,0.00699251,0.195095
3003,3.003,-0.19497,0.00699251,0.195095
3004,3.004,-0.19497,0.00699251,0.195095
3005,3.005,-0.19497,0.00699251,0.195095
3006,3.006,-0.19497,0.00699251,0.195095
3007,3.007,-0.19497,0.00699251,0.195095
3008,3.008,-0.19497,0.00699251,0.195095
3009,3.009,-0.19497,0.00699251,0.195095
3010,3.01,-0.19497,0.00699251,0.195095
3011,3.011,-0.19497,0.00699251,0.195095
3012,3.012,-0.19497,0.00699251,0.195095
3013,3.013,-0.19497,0.00699251,0.195095
3014,3.014,-0.19497,0.00699251,0.195095
3015,3.015,-0.19497,0.00699251,0.195095
3016,3.016,-0.19497,0.00699251,0.195095
3017,3.017,-0.19497,0.00699251,0.195095
3018,3.018,-0.19497,0.00699251,0.195095
3019,3.019,-0.19497,0.00699251,0.195095
3020,3.02,-0.19497,0.00699251,0.195095
3021,3.021,-0.19497,0.00699251,0.195095
3022,3.022,-0.19497,0.00699251,0.195095
3023,3.023,-0.19497,0.00699251,0.195095
3024,3.024,-0.19497,0.00699251,0.195095
3025,3.025,-0.19497,0.00699251,0.195095
3026,3.026,-0.19497,0.00699251,0.195095
3027,3.027,-0.19497,0.00699251,0.195095
3028,3.028,-0.19497,0.00699251,0.195095
3029,3.029,-0.19497,0.00699251,0.195095
3030,3.03,-0.19497,0.00699251,0.195095
3031,3.031,-0.19497,0.00699251,0.195095
3032,3.032,-0.19497,0.00699251,0.195095
3033,3.033,-0.19497,0.00699251,0.195095
3034,3.034,-0.19497,0.00699251,0.195095
3035,3.035,-0.19497,0.00699251,0.195095
3036,3.036,-0.19497,0.00699251,0.195095
3037,3.037,-0.19497,0.00699251,0.195095
3038,3.038,-0.19497,0.00699251,0.195095
3039,3.039,-0.19497,0.00699251,0.195095
3040,3.04,-0.19497,0.00699251,0.195095
3041,3.041,-0.19497,0.00699251,0.195095
3042,3.042,-0.19497,0.00699251,0.195095
3043,3.043,-0.19497,0.00699251,0.195095
3044,3.044,-0.19497,0.00699251,0.195095
3045,3.045,-0.19497,0.00699251,0.195095
3046,3.046,-0.19497,0.00699251,0.195095
3047,3.047,-0.19497,0.00699251,0.195095
3048,3.048,-0.19497,0.00699251,0.195095
3049,3.049,-0.19497,0.00699251,0.195095
3050,3.05,-0.19497,0.00699251,0.195095
3051,3.051,-0.19497,0.00699251,0.195095
3052,3.052,-0.19497,0.00699251,0.195095
3053,3.053,-0.19497,0.00699251,0.195095
3054,3.054,-0.19497,0.00699251,0.195095
3055,3.055,-0.19497,0.00699251,0.195095
3056,3.056,-0.19497,0.00699251,0.195095
3057,3.057,-0.19497,0.00699251,0.195095
3058,3.058,-0.19497,0.00699251,0.195095
3059,3.059,-0.19497,0.00699251,0.195095
3060,3.06,-0.19497,0.00699251,0.195095
3061,3.061,-0.19497,0.00699251,0.195095
3062,3.062,-0.19497,0.00699251,0.195095
3063,3.063,-0.19497,0.00699251,0.195095
3064,3.064,-0.19497,0.00699251,0.195095
3065,3.065,-0.19497,0.00699251,0.195095
3066,3.066,-0.19497,0.00699251,0.195095
3067,3.067,-0.19497,0.00699251,0.195095
3068,3.068,-0.19497,0.00699251,0.195095
3069,3.069,-0.19497,0.00699251,0.195095
3070,3.07,-0.19497,0.00699251,0.195095
3071,3.071,-0.19497,0.00699251,0.195095
3072,3.072,-0.19497,0.00699251,0.195095
3073,3.073,-0.19497,0.00699251,0.195095
3074,3.074,-0.19497,0.00699251,0.195095
3075,3.075,-0.19497,0.00699251,0.195095
3076,3.076,-0.19497,0.00699251,0.195095
3077,3.077,-0.19497,0.00699251,0.195095
3078,3.078,-0.19497,0.00699251,0.195095
3079,3.079,-0.19497,0.00699251,0.195095
3080,3.08,-0.19497,0.00699251,0.195095
3081,3.081,-0.19497,0.00699251,0.195095
3082,3.082,-0.19497,0.00699251,0.195095
3083,3.083,-0.19497,0.00699251,0.195095
3084,3.084,-0.19497,0.00699251,0.195095
3085,3.085,-0.19497,0.00699251,0.195095
3086,3.086,-0.19497,0.00699251,0.195095
3087,3.087,-0.19497,0.00699251,0.195095
3088,3.088,-0.19497,0.00699251,0.195095
3089,3.089,-0.19497,0.00699251,0.195095
3090,3.09,-0.19497,0.00699251,0.195095
3091,3.091,-0.19497,0.00699251,0.195095
3092,3.092,-0.19497,0.00699251,0.195095
3093,3.093,-0.19497,0.00699251,0.195095
3094,3.094,-0.19497,0.00699251,0.195095
3095,3.095,-0.19497,0.00699251,0.195095
3096,3.096,-0.19497,0.00699251,0.195095
3097,3.097,-0.19497,0.00699251,0.195095
3098,3.098,-0.19497,0.00699251,0.195095
3099,3.099,-0.19497,0.00699251,0.195095
3100,3.1,-0.19497,0.00699251,0.195095
3101,3.101,-0.19497,0.00699251,0.195095
3102,3.102,-0.19497,0.00699251,0.195095
3103,3.103,-0.19497,0.00699251,0.195095
3104,3.104,-0.19497,0.00699251,0.195095
3105,3.105,-0.19497,0.00699251,0.195095
3106,3.106,-0.19497,0.00699251,0.195095
3107,3.107,-0.19497,0.00699251,0.195095
3108,3.108,-0.19497,0.00699251,0.195095
3109,3.109,-0.19497,0.00699251,0.195095
3110,3.11,-0.19497,0.00699251,0.195095
3111,3.111,-0.19497,0.00699251,0.195095
3112,3.112,-0.19497,0.00699251,0.195095
3113,3.113,-0.19497,0.00699251,0.195095
3114,3.114,-0.19497,0.00699251,0.195095
3115,3.115,-0.19497,0.00699251,0.195095
3116,3.116,-0.19497,0.00699251,0.195095
3117,3.117,-0.19497,0.00699251,0.195095
3118,3.118,-0.19497,0.00699251,0.195095
3119,3.119,-0.19497,0.00699251,0.195095
3120,3.12,-0.19497,0.00699251,0.195095
3121,3.121,-0.19497,0.00699251,0.195095
3122,3.122,-0.19497,0.00699251,0.195095
3123,3.123,-0.19497,0.00699251,0.195095
3124,3.124,-0.19497,0.00699251,0.195095
3125,3.125,-0.19497,0.00699251,0.195095
3126,3.126,-0.19497,0.00699251,0.195095
3127,3.127,-0.19497,0.00699251,0.195095
3128,3.128,-0.19497,0.00699251,0.195095
3129,3.129,-0.19497,0.00699251,0.195095
3130,3.13,-0.19497,0.00699251,0.195095
3131,3.131,-0.19497,0.00699251,0.195095
3132,3.132,-0.19497,0.00699251,0.195095
3133,3.133,-0.19497,0.00699251,0.195095
3134,3.134,-0.19497,0.00699251,0.195095
3135,3.135,-0.19497,0.00699251,0.195095
3136,3.136,-0.19497,0.00699251,0.195095
3137,3.137,-0.19497,0.00699251,0.195095
3138,3.138,-0.19497,0.00699251,0.195095
3139,3.139,-0.19497,0.00699251,0.195095
3140,3.14,-0.19497,0.00699251,0.195095
3141,3.141,-0.19497,0.00699251,0.195095
3142,3.142,-0.19497,0.00699251,0.195095
3143,3.143,-0.19497,0.00699251,0.195095
3144,3.144,-0.19497,0.00699251,0.195095
3145,3.145,-0.19497,0.00699251,0.195095
3146,3.146,-0.19497,0.00699251,0.195095
3147,3.147,-0.19497,0.00699251,0.195095
3148,3.148,-0.19497,0.00699251,0.195095
3149,3.149,-0.19497,0.00699251,0.195095
3150,3.15,-0.19497,0.00699251,0.195095
3151,3.151,-0.19497,0.00699251,0.195095
3152,3.152,-0.19497,0.00699251,0.195095
3153,3.153,-0.19497,0.00699251,0.195095
3154,3.154,-0.19497,0.00699251,0.195095
3155,3.155,-0.19497,0.00699251,0.195095
3156,3.156,-0.19497,0.00699251,0.195095
3157,3.157,-0.19497,0.00699251,0.195095
3158,3.158,-0.19497,0.00699251,0.195095
3159,3.159,-0.19497,0.00699251,0.195095
3160,3.16,-0.19497,0.00699251,0.195095
3161,3.161,-0.19497,0.00699251,0.195095
3162,3.162,-0.19497,0.00699251,0.195095
3163,3.163,-0.19497,0.00699251,0.195095
3164,3.164,-0.19497,0.00699251,0.195095
3165,3.165,-0.19497,0.00699251,0.195095
3166,3.166,-0.19497,0.00699251,0.195095
3167,3.167,-0.19497,0.00699251,0.195095
3168,3.168,-0.19497,0.00699251,0.195095
3169,3.169,-0.19497,0.00699251,0.195095
3170,3.17,-0.19497,0.00699251,0.195095
3171,3.171,-0.19497,0.00699251,0.195095
3172,3.172,-0.19497,0.00699251,0.195095
3173,3.173,-0.19497,0.00699251,0.195095
3174,3.174,-0.19497,0.00699251,0.195095
3175,3.175,-0.19497,0.00699251,0.195095
3176,3.176,-0.19497,0.00699251,0.195095
3177,3.177,-0.19497,0.00699251,0.195095
3178,3.178,-0.19497,0.00699251,0.195095
3179,3.179,-0.19497,0.00699251,0.195095
3180,3.18,-0.19497,0.00699251,0.195095
3181,3.181,-0.19497,0.00699251,0.195095
3182,3.182,-0.19497,0.00699251,0.195095
3183,3.183,-0.19497,0.00699251,0.195095
3184,3.184,-0.19497,0.00699251,0.195095
3185,3.185,-0.19497,0.00699251,0.195095
3186,3.186,-0.19497,0.00699251,0.195095
3187,3.187,-0.19497,0.00699251,0.195095
3188,3.188,-0.19497,0.00699251,0.195095
3189,3.189,-0.19497,0.00699251,0.195095
3190,3.19,-0.19497,0.00699251,0.195095
3191,3.191,-0.19497,0.00699251,0.195095
3192,3.192,-0.19497,0.00699251,0.195095
3193,3.193,-0.19497,0.00699251,0.195095
3194,3.194,-0.19497,0.00699251,0.195095
3195,3.195,-0.19497,0.00699251,0.195095
3196,3.196,-0.19497,0.00699251,0.195095
3197,3.197,-0.19497,0.00699251,0.195095
3198,3.198,-0.19497,0.00699251,0.195095
3199,3.199,-0.19497,0.00699251,0.195095
3200,3.2,-0.19497,0.00699251,0.195095
3201,3.201,-0.19497,0.00699251,0.195095
3202,3.202,-0.19497,0.00699251,0.195095
3203,3.203,-0.19497,0.00699251,0.195095
3204,3.204,-0.19497,0.00699251,0.195095
3205,3.205,-0.19497,0.00699251,0.195095
3206,3.206,-0.19497,0.00699251,0.195095
3207,3.207,-0.19497,0.00699251,0.195095
3208,3.208,-0.19497,0.00699251,0.195095
3209,3.209,-0.19497,0.00699251,0.195095
3210,3.21,-0.19497,0.00699251,0.195095
3211,3.211,-0.19497,0.00699251,0.195095
3212,3.212,-0.19497,0.00699251,0.195095
3213,3.213,-0.19497,0.00699251,0.195095
3214,3.214,-0.19497,0.00699251,0.195095
3215,3.215,-0.19497,0.00699251,0.195095
3216,3.216,-0.19497,0.00699251,0.195095
3217,3.217,-0.19497,0.00699251,0.195095
3218,3.218,-0.19497,0.00699251,0.195095
3219,3.219,-0.19497,0.00699251,0.195095
3220,3.22,-0.19497,0.00699251,0.195095
3221,3.221,-0.19497,0.00699251,0.195095
3222,3.222,-0.19497,0.00699251,0.195095
3223,3.223,-0.19497,0.00699251,0.195095
3224,3.224,-0.19497,0.00699251,0.195095
3225,3.225,-0.19497,0.00699251,0.195095
3226,3.226,-0.19497,0.00699251,0.195095
3227,3.227,-0.19497,0.00699251,0.195095
3228,3.228,-0.19497,0.00699251,0.195095
3229,3.229,-0.19497,0.00699251,0.195095
3230,3.23,-0.19497,0.00699251,0.195095
3231,3.231,-0.19497,0.00699251,0.195095
3232,3.232,-0.19497,0.00699251,0.195095
3233,3.233,-0.19497,0.00699251,0.195095
3234,3.234,-0.19497,0.00699251,0.195095
3235,3.235,-0.19497,0.00699251,0.195095
3236,3.236,-0.19497,0.00699251,0.195095
3237,3.237,-0.19497,0.00699251,0.195095
3238,3.238,-0.19497,0.00699251,0.195095
3239,3.239,-0.19497,0.00699251,0.195095
3240,3.24,-0.19497,0.00699251,0.195095
3241,3.241,-0.19497,0.00699251,0.195095
3242,3.242,-0.19497,0.00699251,0.195095
3243,3.243,-0.19497,0.00699251,0.195095
3244,3.244,-0.19497,0.00699251,0.195095
3245,3.245,-0.19497,0.00699251,0.195095
3246,3.246,-0.19497,0.00699251,0.195095
3247,3.247,-0.19497,0.00699251,0.195095
3248,3.248,-0.19497,0.00699251,0.195095
3249,3.249,-0.19497,0.00699251,0.195095
3250,3.25,-0.19497,0.00699251,0.195095
3251,3.251,-0.19497,0.00699251,0.195095
3252,3.252,-0.19497,0.00699251,0.195095
3253,3.253,-0.19497,0.00699251,0.195095
3254,3.254,-0.19497,0.00699251,0.195095
3255,3.255,-0.19497,0.00699251,0.195095
3256,3.256,-0.19497,0.00699251,0.195095
3257,3.257,-0.19497,0.00699251,0.195095
3258,3.258,-0.19497,0.00699251,0.195095
3259,3.259,-0.19497,0.00699251,0.195095
3260,3.26,-0.19497,0.00699251,0.195095
3261,3.261,-0.19497,0.00699251,0.195095
3262,3.262,-0.19497,0.00699251,0.195095
3263,3.263,-0.19497,0.00699251,0.195095
3264,3.264,-0.19497,0.00699251,0.195095
3265,3.265,-0.19497,0.00699251,0.195095
3266,3.266,-0.19497,0.00699251,0.195095
3267,3.267,-0.19497,0.00699251,0.195095
3268,3.268,-0.19497,0.00699251,0.195095
3269,3.269,-0.19497,0.00699251,0.195095
3270,3.27,-0.19497,0.00699251,0.195095
3271,3.271,-0.19497,0.00699251,0.195095
3272,3.272,-0.19497,0.00699251,0.195095
3273,3.273,-0.19497,0.00699251,0.195095
3274,3.274,-0.19497,0.00699251,0.195095
3275,3.275,-0.19497,0.00699251,0.195095
3276,3.276,-0.19497,0.00699251,0.195095
3277,3.277,-0.19497,0.00699251,0.195095
3278,3.278,-0.19497,0.00699251,0.195095
3279,3.279,-0.19497,0.00699251,0.195095
3280,3.28,-0.19497,0.00699251,0.195095
3281,3.281,-0.19497,0.00699251,0.195095
3282,3.282,-0.19497,0.00699251,0.195095
3283,3.283,-0.19497,0.00699251,0.195095
3284,3.284,-0.19497,0.00699251,0.195095
3285,3.285,-0.19497,0.00699251,0.195095
3286,3.286,-0.19497,0.00699251,0.195095
3287,3.287,-0.19497,0.00699251,0.195095
3288,3.288,-0.19497,0.00699251,0.195095
3289,3.289,-0.19497,0.00699251,0.195095
3290,3.29,-0.19497,0.00699251,0.195095
3291,3.291,-0.19497,0.00699251,0.195095
3292,3.292,-0.19497,0.00699251,0.195095
3293,3.293,-0.19497,0.00699251,0.195095
3294,3.294,-0.19497,0.00699251,0.195095
3295,3.295,-0.19497,0.00699251,0.195095
3296,3.296,-0.19497,0.00699251,0.195095
3297,3.297,-0.19497,0.00699251,0.195095
3298,3.298,-0.19497,0.00699251,0.195095
3299,3.299,-0.19497,0.00699251,0.195095
3300,3.3,-0.19497,0.00699251,0.195095
3301,3.301,-0.19497,0.00699251,0.195095
3302,3.302,-0.19497,0.00699251,0.195095
3303,3.303,-0.19497,0.00699251,0.195095
3304,3.304,-0.19497,0.00699251,0.195095
3305,3.305,-0.19497,0.00699251,0.195095
3306,3.306,-0.19497,0.00699251,0.195095
3307,3.307,-0.19497,0.00699251,0.195095
3308,3.308,-0.19497,0.00699251,0.195095
3309,3.309,-0.19497,0.00699251,0.195095
3310,3.31,-0.19497,0.00699251,0.195095
3311,3.311,-0.19497,0.00699251,0.195095
3312,3.312,-0.19497,0.00699251,0.195095
3313,3.313,-0.19497,0.00699251,0.195095
3314,3.314,-0.19497,0.00699251,0.195095
3315,3.315,-0.19497,0.00699251,0.195095
3316,3.316,-0.19497,0.00699251,0.195095
3317,3.317,-0.19497,0.00699251,0.195095
3318,3.318,-0.19497,0.00699251,0.195095
3319,3.319,-0.19497,0.00699251,0.195095
3320,3.32,-0.19497,0.00699251,0.195095
3321,3.321,-0.19497,0.00699251,0.195095
3322,3.322,-0.19497,0.00699251,0.195095
3323,3.323,-0.19497,0.00699251,0.195095
3324,3.324,-0.19497,0.00699251,0.195095
3325,3.325,-0.19497,0.00699251,0.195095
3326,3.326,-0.19497,0.00699251,0.195095
3327,3.327,-0.19497,0.00699251,0.195095
3328,3.328,-0.19497,0.00699251,0.195095
3329,3.329,-0.19497,0.00699251,0.195095
3330,3.33,-0.19497,0.00699251,0.195095
3331,3.331,-0.19497,0.00699251,0.195095
3332,3.332,-0.19497,0.00699251,0.195095
3333,3.333,-0.19497,0.00699251,0.195095
3334,3.334,-0.19497,0.00699251,0.195095
3335,3.335,-0.19497,0.00699251,0.195095
3336,3.336,-0.19497,0.00699251,0.195095
3337,3.337,-0.19497,0.00699251,0.195095
3338,3.338,-0.19497,0.00699251,0.195095
3339,3.339,-0.19497,0.00699251,0.195095
3340,3.34,-0.19497,0.00699251,0.195095
3341,3.341,-0.19497,0.00699251,0.195095
3342,3.342,-0.19497,0.00699251,0.195095
3343,3.343,-0.19497,0.00699251,0.195095
3344,3.344,-0.19497,0.00699251,0.195095
3345,3.345,-0.19497,0.00699251,0.195095
3346,3.346,-0.19497,0.00699251,0.195095
3347,3.347,-0.19497,0.00699251,0.195095
3348,3.348,-0.19497,0.00699251,0.195095
3349,3.349,-0.19497,0.00699251,0.195095
3350,3.35,-0.19497,0.00699251,0.195095
3351,3.351,-0.19497,0.00699251,0.195095
3352,3.352,-0.19497,0.00699251,0.195095
3353,3.353,-0.19497,0.00699251,0.195095
3354,3.354,-0.19497,0.00699251,0.195095
3355,3.355,-0.19497,0.00699251,0.195095
3356,3.356,-0.19497,0.00699251,0.195095
3357,3.357,-0.19497,0.00699251,0.195095
3358,3.358,-0.19497,0.00699251,0.195095
3359,3.359,-0.19497,0.00699251,0.195095
3360,3.36,-0.19497,0.00699251,0.195095
3361,3.361,-0.19497,0.00699251,0.195095
3362,3.362,-0.19497,0.00699251,0.195095
3363,3.363,-0.19497,0.00699251,0.195095
3364,3.364,-0.19497,0.00699251,0.195095
3365,3.365,-0.19497,0.00699251,0.195095
3366,3.366,-0.19497,0.00699251,0.195095
3367,3.367,-0.19497,0.00699251,0.195095
3368,3.368,-0.19497,0.00699251,0.195095
3369,3.369,-0.19497,0.00699251,0.195095
3370,3.37,-0.19497,0.00699251,0.195095
3371,3.371,-0.19497,0.00699251,0.195095
3372,3.372,-0.19497,0.00699251,0.195095
3373,3.373,-0.19497,0.00699251,0.195095
3374,3.374,-0.19497,0.00699251,0.195095
3375,3.375,-0.19497,0.00699251,0.195095
3376,3.376,-0.19497,0.00699251,0.195095
3377,3.377,-0.19497,0.00699251,0.195095
3378,3.378,-0.19497,0.00699251,0.195095
3379,3.379,-0.19497,0.00699251,0.195095
3380,3.38,-0.19497,0.00699251,0.195095
3381,3.381,-0.19497,0.00699251,0.195095
3382,3.382,-0.19497,0.00699251,0.195095
3383,3.383,-0.19497,0.00699251,0.195095
3384,3.384,-0.19497,0.00699251,0.195095
3385,3.385,-0.19497,0.00699251,0.195095
3386,3.386,-0.19497,0.00699251,0.195095
3387,3.387,-0.19497,0.00699251,0.195095
3388,3.388,-0.19497,0.00699251,0.195095
3389,3.389,-0.19497,0.00699251,0.195095
3390,3.39,-0.19497,0.00699251,0.195095
3391,3.391,-0.19497,0.00699251,0.195095
3392,3.392,-0.19497,0.00699251,0.195095
3393,3.393,-0.19497,0.00699251,0.195095
3394,3.394,-0.19497,0.00699251,0.195095
3395,3.395,-0.19497,0.00699251,0.195095
3396,3.396,-0.19497,0.00699251,0.195095
3397,3.397,-0.19497,0.00699251,0.195095
3398,3.398,-0.19497,0.00699251,0.195095
3399,3.399,-0.19497,0.00699251,0.195095
3400,3.4,-0.19497,0.00699251,0.195095
3401,3.401,-0.19497,0.00699251,0.195095
3402,3.402,-0.19497,0.00699251,0.195095
3403,3.403,-0.19497,0.00699251,0.195095
3404,3.404,-0.19497,0.00699251,0.195095
3405,3.405,-0.19497,0.00699251,0.195095
3406,3.406,-0.19497,0.00699251,0.195095
3407,3.407,-0.19497,0.00699251,0.195095
3408,3.408,-0.19497,0.00699251,0.195095
3409,3.409,-0.19497,0.00699251,0.195095
3410,3.41,-0.19497,0.00699251,0.195095
3411,3.411,-0.19497,0.00699251,0.195095
3412,3.412,-0.19497,0.00699251,0.195095
3413,3.413,-0.19497,0.00699251,0.195095
3414,3.414,-0.19497,0.00699251,0.195095
3415,3.415,-0.19497,0.00699251,0.195095
3416,3.416,-0.19497,0.00699251,0.195095
3417,3.417,-0.19497,0.00699251,0.195095
3418,3.418,-0.19497,0.00699251,0.195095
3419,3.419,-0.19497,0.00699251,0.195095
3420,3.42,-0.19497,0.00699251,0.195095
3421,3.421,-0.19497,0.00699251,0.195095
3422,3.422,-0.19497,0.00699251,0.195095
3423,3.423,-0.19497,0.00699251,0.195095
3424,3.424,-0.19497,0.00699251,0.195095
3425,3.425,-0.19497,0.00699251,0.195095
3426,3.426,-0.19497,0.00699251,0.195095
3427,3.427,-0.19497,0.00699251,0.195095
3428,3.428,-0.19497,0.00699251,0.195095
3429,3.429,-0.19497,0.00699251,0.195095
3430,3.43,-0.19497,0.00699251,0.195095
3431,3.431,-0.19497,0.00699251,0.195095
3432,3.432,-0.19497,0.00699251,0.195095
3433,3.433,-0.19497,0.00699251,0.195095
3434,3.434,-0.19497,0.00699251,0.195095
3435,3.435,-0.19497,0.00699251,0.195095
3436,3.436,-0.19497,0.00699251,0.195095
3437,3.437,-0.19497,0.00699251,0.195095
3438,3.438,-0.19497,0.00699251,0.195095
3439,3.439,-0.19497,0.00699251,0.195095
3440,3.44,-0.19497,0.00699251,0.195095
3441,3.441,-0.19497,0.00699251,0.195095
3442,3.442,-0.19497,0.00699251,0.195095
3443,3.443,-0.19497,0.00699251,0.195095
3444,3.444,-0.19497,0.00699251,0.195095
3445,3.445,-0.19497,0.00699251,0.195095
3446,3.446,-0.19497,0.00699251,0.195095
3447,3.447,-0.19497,0.00699251,0.195095
3448,3.448,-0.19497,0.00699251,0.195095
3449,3.449,-0.19497,0.00699251,0.195095
3450,3.45,-0.19497,0.00699251,0.195095
3451,3.451,-0.19497,0.00699251,0.195095
3452,3.452,-0.19497,0.00699251,0.195095
3453,3.453,-0.19497,0.00699251,0.195095
3454,3.454,-0.19497,0.00699251,0.195095
3455,3.455,-0.19497,0.00699251,0.195095
3456,3.456,-0.19497,0.00699251,0.195095
3457,3.457,-0.19497,0.00699251,0.195095
3458,3.458,-0.19497,0.00699251,0.195095
3459,3.459,-0.19497,0.00699251,0.195095
3460,3.46,-0.19497,0.00699251,0.195095
3461,3.461,-0.19497,0.00699251,0.195095
3462,3.462,-0.19497,0.00699251,0.195095
3463,3.463,-0.19497,0.00699251,0.195095
3464,3.464,-0.19497,0.00699251,0.195095
3465,3.465,-0.19497,0.00699251,0.195095
3466,3.466,-0.19497,0.00699251,0.195095
3467,3.467,-0.19497,0.00699251,0.195095
3468,3.468,-0.19497,0.00699251,0.195095
3469,3.469,-0.19497,0.00699251,0.195095
3470,3.47,-0.19497,0.00699251,0.195095
3471,3.471,-0.19497,0.00699251,0.195095
3472,3.472,-0.19497,0.00699251,0.195095
3473,3.473,-0.19497,0.00699251,0.195095
3474,3.474,-0.19497,0.00699251,0.195095
3475,3.475,-0.19497,0.00699251,0.195095
3476,3.476,-0.19497,0.00699251,0.195095
3477,3.477,-0.19497,0.00699251,0.195095
3478,3.478,-0.19497,0.00699251,0.195095
3479,3.479,-0.19497,0.00699251,0.195095
3480,3.48,-0.19497,0.00699251,0.195095
3481,3.481,-0.19497,0.00699251,0.195095
3482,3.482,-0.19497,0.00699251,0.195095
3483,3.483,-0.19497,0.00699251,0.195095
3484,3.484,-0.19497,0.00699251,0.195095
3485,3.485,-0.19497,0.00699251,0.195095
3486,3.486,-0.19497,0.00699251,0.195095
3487,3.487,-0.19497,0.00699251,0.195095
3488,3.488,-0.19497,0.00699251,0.195095
3489,3.489,-0.19497,0.00699251,0.195095
3490,3.49,-0.19497,0.00699251,0.195095
3491,3.491,-0.19497,0.00699251,0.195095
3492,3.492,-0.19497,0.00699251,0.195095
3493,3.493,-0.19497,0.00699251,0.195095
3494,3.494,-0.19497,0.00699251,0.195095
3495,3.495,-0.19497,0.00699251,0.195095
3496,3.496,-0.19497,0.00699251,0.195095
3497,3.497,-0.19497,0.00699251,0.195095
3498,3.498,-0.19497,0.00699251,0.195095
3499,3.499,-0.19497,0.00699251,0.195095
3500,3.5,-0.19497,0.00699251,0.195095
3501,3.501,-0.19497,0.00699251,0.195095
3502,3.502,-0.19497,0.00699251,0.195095
3503,3.503,-0.19497,0.00699251,0.195095
3504,3.504,-0.19497,0.00699251,0.195095
3505,3.505,-0.19497,0.00699251,0.195095
3506,3.506,-0.19497,0.00699251,0.195095
3507,3.507,-0.19497,0.00699251,0.195095
3508,3.508,-0.19497,0.00699251,0.195095
3509,3.509,-0.19497,0.00699251,0.195095
3510,3.51,-0.19497,0.00699251,0.195095
3511,3.511,-0.19497,0.00699251,0.195095
3512,3.512,-0.19497,0.00699251,0.195095
3513,3.513,-0.19497,0.00699251,0.195095
3514,3.514,-0.19497,0.00699251,0.195095
3515,3.515,-0.19497,0.00699251,0.195095
3516,3.516,-0.19497,0.00699251,0.195095
3517,3.517,-0.19497,0.00699251,0.195095
3518,3.518,-0.19497,0.00699251,0.195095
3519,3.519,-0.19497,0.00699251,0.195095
3520,3.52,-0.19497,0.00699251,0.195095
3521,3.521,-0.19497,0.00699251,0.195095
3522,3.522,-0.19497,0.00699251,0.195095
3523,3.523,-0.19497,0.00699251,0.195095
3524,3.524,-0.19497,0.00699251,0.195095
3525,3.525,-0.19497,0.00699251,0.195095
3526,3.526,-0.19497,0.00699251,0.195095
3527,3.527,-0.19497,0.00699251,0.195095
3528,3.528,-0.19497,0.00699251,0.195095
3529,3.529,-0.19497,0.00699251,0.195095
3530,3.53,-0.19497,0.00699251,0.195095
3531,3.531,-0.19497,0.00699251,0.195095
3532,3.532,-0.19497,0.00699251,0.195095
3533,3.533,-0.19497,0.00699251,0.195095
3534,3.534,-0.19497,0.00699251,0.195095
3535,3.535,-0.19497,0.00699251,0.195095
3536,3.536,-0.19497,0.00699251,0.195095
3537,3.537,-0.19497,0.00699251,0.195095
3538,3.538,-0.19497,0.00699251,0.195095
3539,3.539,-0.19497,0.00699251,0.195095
3540,3.54,-0.19497,0.00699251,0.195095
3541,3.541,-0.19497,0.00699251,0.195095
3542,3.542,-0.19497,0.00699251,0.195095
3543,3.543,-0.19497,0.00699251,0.195095
3544,3.544,-0.19497,0.00699251,0.195095
3545,3.545,-0.19497,0.00699251,0.195095
3546,3.546,-0.19497,0.00699251,0.195095
3547,3.547,-0.19497,0.00699251,0.195095
3548,3.548,-0.19497,0.00699251,0.195095
3549,3.549,-0.19497,0.00699251,0.195095
3550,3.55,-0.19497,0.00699251,0.195095
3551,3.551,-0.19497,0.00699251,0.195095
3552,3.552,-0.19497,0.00699251,0.195095
3553,3.553,-0.19497,0.00699251,0.195095
3554,3.554,-0.19497,0.00699251,0.195095
3555,3.555,-0.19497,0.00699251,0.195095
3556,3.556,-0.19497,0.00699251,0.195095
3557,3.557,-0.19497,0.00699251,0.195095
3558,3.558,-0.19497,0.00699251,0.195095
3559,3.559,-0.19497,0.00699251,0.195095
3560,3.56,-0.19497,0.00699251,0.195095
3561,3.561,-0.19497,0.00699251,0.195095
3562,3.562,-0.19497,0.00699251,0.195095
3563,3.563,-0.19497,0.00699251,0.195095
3564,3.564,-0.19497,0.00699251,0.195095
3565,3.565,-0.19497,0.00699251,0.195095
3566,3.566,-0.19497,0.00699251,0.195095
3567,3.567,-0.19497,0.00699251,0.195095
3568,3.568,-0.19497,0.00699251,0.195095
3569,3.569,-0.19497,0.00699251,0.195095
3570,3.57,-0.19497,0.00699251,0.195095
3571,3.571,-0.19497,0.00699251,0.195095
3572,3.572,-0.19497,0.00699251,0.195095
3573,3.573,-0.19497,0.00699251,0.195095
3574,3.574,-0.19497,0.00699251,0.195095
3575,3.575,-0.19497,0.00699251,0.195095
3576,3.576,-0.19497,0.00699251,0.195095
3577,3.577,-0.19497,0.00699251,0.195095
3578,3.578,-0.19497,0.00699251,0.195095
3579,3.579,-0.19497,0.00699251,0.195095
3580,3.58,-0.19497,0.00699251,0.195095
3581,3.581,-0.19497,0.00699251,0.195095
3582,3.582,-0.19497,0.00699251,0.195095
3583,3.583,-0.19497,0.00699251,0.195095
3584,3.584,-0.19497,0.00699251,0.195095
3585,3.585,-0.19497,0.00699251,0.195095
3586,3.586,-0.19497,0.00699251,0.195095
3587,3.587,-0.19497,0.00699251,0.195095
3588,3.588,-0.19497,0.00699251,0.195095
3589,3.589,-0.19497,0.00699251,0.195095
3590,3.59,-0.19497,0.00699251,0.195095
3591,3.591,-0.19497,0.00699251,0.195095
3592,3.592,-0.19497,0.00699251,0.195095
3593,3.593,-0.19497,0.00699251,0.195095
3594,3.594,-0.19497,0.00699251,0.195095
3595,3.595,-0.19497,0.00699251,0.195095
3596,3.596,-0.19497,0.00699251,0.195095
3597,3.597,-0.19497,0.00699251,0.195095
3598,3.598,-0.19497,0.00699251,0.195095
3599,3.599,-0.19497,0.00699251,0.195095
3600,3.6,-0.19497,0.00699251,0.195095
3601,3.601,-0.19497,0.00699251,0.195095
3602,3.602,-0.19497,0.00699251,0.195095
3603,3.603,-0.19497,0.00699251,0.195095
3604,3.604,-0.19497,0.00699251,0.195095
3605,3.605,-0.19497,0.00699251,0.195095
3606,3.606,-0.19497,0.00699251,0.195095
3607,3.607,-0.19497,0.00699251,0.195095
3608,3.608,-0.19497,0.00699251,0.195095
3609,3.609,-0.19497,0.00699251,0.195095
3610,3.61,-0.19497,0.00699251,0.195095
3611,3.611,-0.19497,0.00699251,0.195095
3612,3.612,-0.19497,0.00699251,0.195095
3613,3.613,-0.19497,0.00699251,0.195095
3614,3.614,-0.19497,0.00699251,0.195095
3615,3.615,-0.19497,0.00699251,0.195095
3616,3.616,-0.19497,0.00699251,0.195095
3617,3.617,-0.19497,0.00699251,0.195095
3618,3.618,-0.19497,0.00699251,0.195095
3619,3.619,-0.19497,0.00699251,0.195095
3620,3.62,-0.19497,0.00699251,0.195095
3621,3.621,-0.19497,0.00699251,0.195095
3622,3.622,-0.19497,0.00699251,0.195095
3623,3.623,-0.19497,0.00699251,0.195095
3624,3.624,-0.19497,0.00699251,0.195095
3625,3.625,-0.19497,0.00699251,0.195095
3626,3.626,-0.19497,0.00699251,0.195095
3627,3.627,-0.19497,0.00699251,0.195095
3628,3.628,-0.19497,0.00699251,0.195095
3629,3.629,-0.19497,0.00699251,0.195095
3630,3.63,-0.19497,0.00699251,0.195095
3631,3.631,-0.19497,0.00699251,0.195095
3632,3.632,-0.19497,0.00699251,0.195095
3633,3.633,-0.19497,0.00699251,0.195095
3634,3.634,-0.19497,0.00699251,0.195095
3635,3.635,-0.19497,0.00699251,0.195095
3636,3.636,-0.19497,0.00699251,0.195095
3637,3.637,-0.19497,0.00699251,0.195095
3638,3.638,-0.19497,0.00699251,0.195095
3639,3.639,-0.19497,0.00699251,0.195095
3640,3.64,-0.19497,0.00699251,0.195095
3641,3.641,-0.19497,0.00699251,0.195095
3642,3.642,-0.19497,0.00699251,0.195095
3643,3.643,-0.19497,0.00699251,0.195095
3644,3.644,-0.19497,0.00699251,0.195095
3645,3.645,-0.19497,0.00699251,0.195095
3646,3.646,-0.19497,0.00699251,0.195095
3647,3.647,-0.19497,0.00699251,0.195095
3648,3.648,-0.19497,0.00699251,0.195095
3649,3.649,-0.19497,0.00699251,0.195095
3650,3.65,-0.19497,0.00699251,0.195095
3651,3.651,-0.19497,0.00699251,0.195095
3652,3.652,-0.19497,0.00699251,0.195095
3653,3.653,-0.19497,0.00699251,0.195095
3654,3.654,-0.19497,0.00699251,0.195095
3655,3.655,-0.19497,0.00699251,0.195095
3656,3.656,-0.19497,0.00699251,0.195095
3657,3.657,-0.19497,0.00699251,0.195095
3658,3.658,-0.19497,0.00699251,0.195095
3659,3.659,-0.19497,0.00699251,0.195095
3660,3.66,-0.19497,0.00699251,0.195095
3661,3.661,-0.19497,0.00699251,0.195095
3662,3.662,-0.19497,0.00699251,0.195095
3663,3.663,-0.19497,0.00699251,0.195095
3664,3.664,-0.19497,0.00699251,0.195095
3665,3.665,-0.19497,0.00699251,0.195095
3666,3.666,-0.19497,0.00699251,0.195095
3667,3.667,-0.19497,0.00699251,0.195095
3668,3.668,-0.19497,0.00699251,0.195095
3669,3.669,-0.19497,0.00699251,0.195095
3670,3.67,-0.19497,0.00699251,0.195095
3671,3.671,-0.19497,0.00699251,0.195095
3672,3.672,-0.19497,0.00699251,0.195095
3673,3.673,-0.19497,0.00699251,0.195095
3674,3.674,-0.19497,0.00699251,0.195095
3675,3.675,-0.19497,0.00699251,0.195095
3676,3.676,-0.19497,0.00699251,0.195095
3677,3.677,-0.19497,0.00699251,0.195095
3678,3.678,-0.19497,0.00699251,0.195095
3679,3.679,-0.19497,0.00699251,0.195095
3680,3.68,-0.19497,0.00699251,0.195095
3681,3.681,-0.19497,0.00699251,0.195095
3682,3.682,-0.19497,0.00699251,0.195095
3683,3.683,-0.19497,0.00699251,0.195095
3684,3.684,-0.19497,0.00699251,0.195095
3685,3.685,-0.19497,0.00699251,0.195095
3686,3.686,-0.19497,0.00699251,0.195095
3687,3.687,-0.19497,0.00699251,0.195095
3688,3.688,-0.19497,0.00699251,0.195095
3689,3.689,-0.19497,0.00699251,0.195095
3690,3.69,-0.19497,0.00699251,0.195095
3691,3.691,-0.19497,0.00699251,0.195095
3692,3.692,-0.19497,0.00699251,0.195095
3693,3.693,-0.19497,0.00699251,0.195095
3694,3.694,-0.19497,0.00699251,0.195095
3695,3.695,-0.19497,0.00699251,0.195095
3696,3.696,-0.19497,0.00699251,0.195095
3697,3.697,-0.19497,0.00699251,0.195095
3698,3.698,-0.19497,0.00699251,0.195095
3699,3.699,-0.19497,0.00699251,0.195095
3700,3.7,-0.19497,0.00699251,0.195095
3701,3.701,-0.19497,0.00699251,0.195095
3702,3.702,-0.19497,0.00699251,0.195095
3703,3.703,-0.19497,0.00699251,0.195095
3704,3.704,-0.19497,0.00699251,0.195095
3705,3.705,-0.19497,0.00699251,0.195095
3706,3.706,-0.19497,0.00699251,0.195095
3707,3.707,-0.19497,0.00699251,0.195095
3708,3.708,-0.19497,0.00699251,0.195095
3709,3.709,-0.19497,0.00699251,0.195095
3710,3.71,-0.19497,0.00699251,0.195095
3711,3.711,-0.19497,0.00699251,0.195095
3712,3.712,-0.19497,0.00699251,0.195095
3713,3.713,-0.19497,0.00699251,0.195095
3714,3.714,-0.19497,0.00699251,0.195095
3715,3.715,-0.19497,0.00699251,0.195095
3716,3.716,-0.19497,0.00699251,0.195095
3717,3.717,-0.19497,0.00699251,0.195095
3718,3.718,-0.19497,0.00699251,0.195095
3719,3.719,-0.19497,0.00699251,0.195095
3720,3.72,-0.19497,0.00699251,0.195095
3721,3.721,-0.19497,0.00699251,0.195095
3722,3.722,-0.19497,0.00699251,0.195095
3723,3.723,-0.19497,0.00699251,0.195095
3724,3.724,-0.19497,0.00699251,0.195095
3725,3.725,-0.19497,0.00699251,0.195095
3726,3.726,-0.19497,0.00699251,0.195095
3727,3.727,-0.19497,0.00699251,0.195095
3728,3.728,-0.19497,0.00699251,0.195095
3729,3.729,-0.19497,0.00699251,0.195095
3730,3.73,-0.19497,0.00699251,0.195095
3731,3.731,-0.19497,0.00699251,0.195095
3732,3.732,-0.19497,0.00699251,0.195095
3733,3.733,-0.19497,0.00699251,0.195095
3734,3.734,-0.19497,0.00699251,0.195095
3735,3.735,-0.19497,0.00699251,0.195095
3736,3.736,-0.19497,0.00699251,0.195095
3737,3.737,-0.19497,0.00699251,0.195095
3738,3.738,-0.19497,0.00699251,0.195095
3739,3.739,-0.19497,0.00699251,0.195095
3740,3.74,-0.19497,0.00699251,0.195095
3741,3.741,-0.19497,0.00699251,0.195095
3742,3.742,-0.19497,0.00699251,0.195095
3743,3.743,-0.19497,0.00699251,0.195095
3744,3.744,-0.19497,0.00699251,0.195095
3745,3.745,-0.19497,0.00699251,0.195095
3746,3.746,-0.19497,0.00699251,0.195095
3747,3.747,-0.19497,0.00699251,0.195095
3748,3.748,-0.19497,0.00699251,0.195095
3749,3.749,-0.19497,0.00699251,0.195095
3750,3.75,-0.19497,0.00699251,0.195095
3751,3.751,-0.19497,0.00699251,0.195095
3752,3.752,-0.19497,0.00699251,0.195095
3753,3.753,-0.19497,0.00699251,0.195095
3754,3.754,-0.19497,0.00699251,0.195095
3755,3.755,-0.19497,0.00699251,0.195095
3756,3.756,-0.19497,0.00699251,0.195095
3757,3.757,-0.19497,0.00699251,0.195095
3758,3.758,-0.19497,0.00699251,0.195095
3759,3.759,-0.19497,0.00699251,0.195095
3760,3.76,-0.19497,0.00699251,0.195095
3761,3.761,-0.19497,0.00699251,0.195095
3762,3.762,-0.19497,0.00699251,0.195095
3763,3.763,-0.19497,0.00699251,0.195095
3764,3.764,-0.19497,0.00699251,0.195095
3765,3.765,-0.19497,0.00699251,0.195095
3766,3.766,-0.19497,0.00699251,0.195095
3767,3.767,-0.19497,0.00699251,0.195095
3768,3.768,-0.19497,0.00699251,0.195095
3769,3.769,-0.19497,0.00699251,0.195095
3770,3.77,-0.19497,0.00699251,0.195095
3771,3.771,-0.19497,0.00699251,0.195095
3772,3.772,-0.19497,0.00699251,0.195095
3773,3.773,-0.19497,0.00699251,0.195095
3774,3.774,-0.19497,0.00699251,0.195095
3775,3.775,-0.19497,0.00699251,0.195095
3776,3.776,-0.19497,0.00699251,0.195095
3777,3.777,-0.19497,0.00699251,0.195095
3778,3.778,-0.19497,0.00699251,0.195095
3779,3.779,-0.19497,0.00699251,0.195095
3780,3.78,-0.19497,0.00699251,0.195095
3781,3.781,-0.19497,0.00699251,0.195095
3782,3.782,-0.19497,0.00699251,0.195095
3783,3.783,-0.19497,0.00699251,0.195095
3784,3.784,-0.19497,0.00699251,0.195095
3785,3.785,-0.19497,0.00699251,0.195095
3786,3.786,-0.19497,0.00699251,0.195095
3787,3.787,-0.19497,0.00699251,0.195095
3788,3.788,-0.19497,0.00699251,0.195095
3789,3.789,-0.19497,0.00699251,0.195095
3790,3.79,-0.19497,0.00699251,0.195095
3791,3.791,-0.19497,0.00699251,0.195095
3792,3.792,-0.19497,0.00699251,0.195095
3793,3.793,-0.19497,0.00699251,0.195095
3794,3.794,-0.19497,0.00699251,0.195095
3795,3.795,-0.19497,0.00699251,0.195095
3796,3.796,-0.19497,0.00699251,0.195095
3797,3.797,-0.19497,0.00699251,0.195095
3798,3.798,-0.19497,0.00699251,0.195095
3799,3.799,-0.19497,0.00699251,0.195095
3800,3.8,-0.19497,0.00699251,0.195095
3801,3.801,-0.19497,0.00699251,0.195095
3802,3.802,-0.19497,0.00699251,0.195095
3803,3.803,-0.19497,0.00699251,0.195095
3804,3.804,-0.19497,0.00699251,0.195095
3805,3.805,-0.19497,0.00699251,0.195095
3806,3.806,-0.19497,0.00699251,0.195095
3807,3.807,-0.19497,0.00699251,0.195095
3808,3.808,-0.19497,0.00699251,0.195095
3809,3.809,-0.19497,0.00699251,0.195095
3810,3.81,-0.19497,0.00699251,0.195095
3811,3.811,-0.19497,0.00699251,0.195095
3812,3.812,-0.19497,0.00699251,0.195095
3813,3.813,-0.19497,0.00699251,0.195095
3814,3.814,-0.19497,0.00699251,0.195095
3815,3.815,-0.19497,0.00699251,0.195095
3816,3.816,-0.19497,0.00699251,0.195095
3817,3.817,-0.19497,0.00699251,0.195095
3818,3.818,-0.19497,0.00699251,0.195095
3819,3.819,-0.19497,0.00699251,0.195095
3820,3.82,-0.19497,0.00699251,0.195095
3821,3.821,-0.19497,0.00699251,0.195095
3822,3.822,-0.19497,0.00699251,0.195095
3823,3.823,-0.19497,0.00699251,0.195095
3824,3.824,-0.19497,0.00699251,0.195095
3825,3.825,-0.19497,0.00699251,0.195095
3826,3.826,-0.19497,0.00699251,0.195095
3827,3.827,-0.19497,0.00699251,0.195095
3828,3.828,-0.19497,0.00699251,0.195095
3829,3.829,-0.19497,0.00699251,0.195095
3830,3.83,-0.19497,0.00699251,0.195095
3831,3.831,-0.19497,0.00699251,0.195095
3832,3.832,-0.19497,0.00699251,0.195095
3833,3.833,-0.19497,0.00699251,0.195095
3834,3.834,-0.19497,0.00699251,0.195095
3835,3.835,-0.19497,0.00699251,0.195095
3836,3.836,-0.19497,0.00699251,0.195095
3837,3.837,-0.19497,0.00699251,0.195095
3838,3.838,-0.19497,0.00699251,0.195095
3839,3.839,-0.19497,0.00699251,0.195095
3840,3.84,-0.19497,0.00699251,0.195095
3841,3.841,-0.19497,0.00699251,0.195095
3842,3.842,-0.19497,0.00699251,0.195095
3843,3.843,-0.19497,0.00699251,0.195095
3844,3.844,-0.19497,0.00699251,0.195095
3845,3.845,-0.19497,0.00699251,0.195095
3846,3.846,-0.19497,0.00699251,0.195095
3847,3.847,-0.19497,0.00699251,0.195095
3848,3.848,-0.19497,0.00699251,0.195095
3849,3.849,-0.19497,0.00699251,0.195095
3850,3.85,-0.19497,0.00699251,0.195095
3851,3.851,-0.19497,0.00699251,0.195095
3852,3.852,-0.19497,0.00699251,0.195095
3853,3.853,-0.19497,0.00699251,0.195095
3854,3.854,-0.19497,0.00699251,0.195095
3855,3.855,-0.19497,0.00699251,0.195095
3856,3.856,-0.19497,0.00699251,0.195095
3857,3.857,-0.19497,0.00699251,0.195095
3858,3.858,-0.19497,0.00699251,0.195095
3859,3.859,-0.19497,0.00699251,0.195095
3860,3.86,-0.19497,0.00699251,0.195095
3861,3.861,-0.19497,0.00699251,0.195095
3862,3.862,-0.19497,0.00699251,0.195095
3863,3.863,-0.19497,0.00699251,0.195095
3864,3.864,-0.19497,0.00699251,0.195095
3865,3.865,-0.19497,0.00699251,0.195095
3866,3.866,-0.19497,0.00699251,0.195095
3867,3.867,-0.19497,0.00699251,0.195095
3868,3.868,-0.19497,0.00699251,0.195095
3869,3.869,-0.19497,0.00699251,0.195095
3870,3.87,-0.19497,0.00699251,0.195095
3871,3.871,-0.19497,0.00699251,0.195095
3872,3.872,-0.19497,0.00699251,0.195095
3873,3.873,-0.19497,0.00699251,0.195095
3874,3.874,-0.19497,0.00699251,0.195095
3875,3.875,-0.19497,0.00699251,0.195095
3876,3.876,-0.19497,0.00699251,0.195095
3877,3.877,-0.19497,0.00699251,0.195095
3878,3.878,-0.19497,0.00699251,0.195095
3879,3.879,-0.19497,0.00699251,0.195095
3880,3.88,-0.19497,0.00699251,0.195095
3881,3.881,-0.19497,0.00699251,0.195095
3882,3.882,-0.19497,0.00699251,0.195095
3883,3.883,-0.19497,0.00699251,0.195095
3884,3.884,-0.19497,0.00699251,0.195095
3885,3.885,-0.19497,0.00699251,0.195095
3886,3.886,-0.19497,0.00699251,0.195095
3887,3.887,-0.19497,0.00699251,0.195095
3888,3.888,-0.19497,0.00699251,0.195095
3889,3.889,-0.19497,0.00699251,0.195095
3890,3.89,-0.19497,0.00699251,0.195095
3891,3.891,-0.19497,0.00699251,0.195095
3892,3.892,-0.19497,0.00699251,0.195095
3893,3.893,-0.19497,0.00699251,0.195095
3894,3.894,-0.19497,0.00699251,0.195095
3895,3.895,-0.19497,0.00699251,0.195095
3896,3.896,-0.19497,0.00699251,0.195095
3897,3.897,-0.19497,0.00699251,0.195095
3898,3.898,-0.19497,0.00699251,0.195095
3899,3.899,-0.19497,0.00699251,0.195095
3900,3.9,-0.19497,0.00699251,0.195095
3901,3.901,-0.19497,0.00699251,0.195095
3902,3.902,-0.19497,0.00699251,0.195095
3903,3.903,-0.19497,0.00699251,0.195095
3904,3.904,-0.19497,0.00699251,0.195095
3905,3.905,-0.19497,0.00699251,0.195095
3906,3.906,-0.19497,0.00699251,0.195095
3907,3.907,-0.19497,0.00699251,0.195095
3908,3.908,-0.19497,0.00699251,0.195095
3909,3.909,-0.19497,0.00699251,0.195095
3910,3.91,-0.19497,0.00699251,0.195095
3911,3.911,-0.19497,0.00699251,0.195095
3912,3.912,-0.19497,0.00699251,0.195095
3913,3.913,-0.19497,0.00699251,0.195095
3914,3.914,-0.19497,0.00699251,0.195095
3915,3.915,-0.19497,0.00699251,0.195095
3916,3.916,-0.19497,0.00699251,0.195095
3917,3.917,-0.19497,0.00699251,0.195095
3918,3.918,-0.19497,0.00699251,0.195095
3919,3.919,-0.19497,0.00699251,0.195095
3920,3.92,-0.19497,0.00699251,0.195095
3921,3.921,-0.19497,0.00699251,0.195095
3922,3.922,-0.19497,0.00699251,0.195095
3923,3.923,-0.19497,0.00699251,0.195095
3924,3.924,-0.19497,0.00699251,0.195095
3925,3.925,-0.19497,0.00699251,0.195095
3926,3.926,-0.19497,0.00699251,0.195095
3927,3.927,-0.19497,0.00699251,0.195095
3928,3.928,-0.19497,0.00699251,0.195095
3929,3.929,-0.19497,0.00699251,0.195095
3930,3.93,-0.19497,0.00699251,0.195095
3931,3.931,-0.19497,0.00699251,0.195095
3932,3.932,-0.19497,0.00699251,0.195095
3933,3.933,-0.19497,0.00699251,0.195095
3934,3.934,-0.19497,0.00699251,0.195095
3935,3.935,-0.19497,0.00699251,0.195095
3936,3.936,-0.19497,0.00699251,0.195095
3937,3.937,-0.19497,0.00699251,0.195095
3938,3.938,-0.19497,0.00699251,0.195095
3939,3.939,-0.19497,0.00699251,0.195095
3940,3.94,-0.19497,0.00699251,0.195095
3941,3.941,-0.19497,0.00699251,0.195095
3942,3.942,-0.19497,0.00699251,0.195095
3943,3.943,-0.19497,0.00699251,0.195095
3944,3.944,-0.19497,0.00699251,0.195095
3945,3.945,-0.19497,0.00699251,0.195095
3946,3.946,-0.19497,0.00699251,0.195095
3947,3.947,-0.19497,0.00699251,0.195095
3948,3.948,-0.19497,0.00699251,0.195095
3949,3.949,-0.19497,0.00699251,0.195095
3950,3.95,-0.19497,0.00699251,0.195095
3951,3.951,-0.19497,0.00699251,0.195095
3952,3.952,-0.19497,0.00699251,0.195095
3953,3.953,-0.19497,0.00699251,0.195095
3954,3.954,-0.19497,0.00699251,0.195095
3955,3.955,-0.19497,0.00699251,0.195095
3956,3.956,-0.19497,0.00699251,0.195095
3957,3.957,-0.19497,0.00699251,0.195095
3958,3.958,-0.19497,0.00699251,0.195095
3959,3.959,-0.19497,0.00699251,0.195095
3960,3.96,-0.19497,0.00699251,0.195095
3961,3.961,-0.19497,0.00699251,0.195095
3962,3.962,-0.19497,0.00699251,0.195095
3963,3.963,-0.19497,0.00699251,0.195095
3964,3.964,-0.19497,0.00699251,0.195095
3965,3.965,-0.19497,0.00699251,0.195095
3966,3.966,-0.19497,0.00699251,0.195095
3967,3.967,-0.19497,0.00699251,0.195095
3968,3.968,-0.19497,0.00699251,0.195095
3969,3.969,-0.19497,0.00699251,0.195095
3970,3.97,-0.19497,0.00699251,0.195095
3971,3.971,-0.19497,0.00699251,0.195095
3972,3.972,-0.19497,0.00699251,0.195095
3973,3.973,-0.19497,0.00699251,0.195095
3974,3.974,-0.19497,0.00699251,0.195095
3975,3.975,-0.19497,0.00699251,0.195095
3976,3.976,-0.19497,0.00699251,0.195095
3977,3.977,-0.19497,0.00699251,0.195095
3978,3.978,-0.19497,0.00699251,0.195095
3979,3.979,-0.19497,0.00699251,0.195095
3980,3.98,-0.19497,0.00699251,0.195095
3981,3.981,-0.19497,0.00699251,0.195095
3982,3.982,-0.19497,0.00699251,0.195095
3983,3.983,-0.19497,0.00699251,0.195095
3984,3.984,-0.19497,0.00699251,0.195095
3985,3.985,-0.19497,0.00699251,0.195095
3986,3.986,-0.19497,0.00699251,0.195095
3987,3.987,-0.19497,0.00699251,0.195095
3988,3.988,-0.19497,0.00699251,0.195095
3989,3.989,-0.19497,0.00699251,0.195095
3990,3.99,-0.19497,0.00699251,0.195095
3991,3.991,-0.19497,0.00699251,0.195095
3992,3.992,-0.19497,0.00699251,0.195095
3993,3.993,-0.19497,0.00699251,0.195095
3994,3.994,-0.19497,0.00699251,0.195095
3995,3.995,-0.19497,0.00699251,0.195095
3996,3.996,-0.19497,0.00699251,0.195095
3997,3.997,-0.19497,0.00699251,0.195095
3998,3.998,-0.19497,0.00699251,0.195095
3999,3.999,-0.19497,0.00699251,0.195095
4000,4,-0.19497,0.00699251,0.195095
4001,4.001,-0.19497,0.00699251,0.195095
4002,4.002,-0.19497,0.00699251,0.195095
4003,4.003,-0.19497,0.00699251,0.195095
4004,4.004,-0.19497,0.00699251,0.195095
4005,4.005,-0.19497,0.00699251,0.195095
4006,4.006,-0.19497,0.00699251,0.195095
4007,4.007,-0.19497,0.00699251,0.195095
4008,4.008,-0.19497,0.00699251,0.195095
4009,4.009,-0.19497,0.00699251,0.195095
4010,4.01,-0.19497,0.00699251,0.195095
4011,4.011,-0.19497,0.00699251,0.195095
4012,4.012,-0.19497,0.00699251,0.195095
4013,4.013,-0.19497,0.00699251,0.195095
4014,4.014,-0.19497,0.00699251,0.195095
4015,4.015,-0.19497,0.00699251,0.195095
4016,4.016,-0.19497,0.00699251,0.195095
4017,4.017,-0.19497,0.00699251,0.195095
4018,4.018,-0.19497,0.00699251,0.195095
4019,4.019,-0.19497,0.00699251,0.195095
4020,4.02,-0.19497,0.00699251,0.195095
4021,4.021,-0.19497,0.00699251,0.195095
4022,4.022,-0.19497,0.00699251,0.195095
4023,4.023,-0.19497,0.00699251,0.195095
4024,4.024,-0.19497,0.00699251,0.195095
4025,4.025,-0.19497,0.00699251,0.195095
4026,4.026,-0.19497,0.00699251,0.195095
4027,4.027,-0.19497,0.00699251,0.195095
4028,4.028,-0.19497,0.00699251,0.195095
4029,4.029,-0.19497,0.00699251,0.195095
4030,4.03,-0.19497,0.00699251,0.195095
4031,4.031,-0.19497,0.00699251,0.195095
4032,4.032,-0.19497,0.00699251,0.195095
4033,4.033,-0.19497,0.00699251,0.195095
4034,4.034,-0.19497,0.00699251,0.195095
4035,4.035,-0.19497,0.00699251,0.195095
4036,4.036,-0.19497,0.00699251,0.195095
4037,4.037,-0.19497,0.00699251,0.195095
4038,4.038,-0.19497,0.00699251,0.195095
4039,4.039,-0.19497,0.00699251,0.195095
4040,4.04,-0.19497,0.00699251,0.195095
4041,4.041,-0.19497,0.00699251,0.195095
4042,4.042,-0.19497,0.00699251,0.195095
4043,4.043,-0.19497,0.00699251,0.195095
4044,4.044,-0.19497,0.00699251,0.195095
4045,4.045,-0.19497,0.00699251,0.195095
4046,4.046,-0.19497,0.00699251,0.195095
4047,4.047,-0.19497,0.00699251,0.195095
4048,4.048,-0.19497,0.00699251,0.195095
4049,4.049,-0.19497,0.00699251,0.195095
4050,4.05,-0.19497,0.00699251,0.195095
4051,4.051,-0.19497,0.00699251,0.195095
4052,4.052,-0.19497,0.00699251,0.195095
4053,4.053,-0.19497,0.00699251,0.195095
4054,4.054,-0.19497,0.00699251,0.195095
4055,4.055,-0.19497,0.00699251,0.195095
4056,4.056,-0.19497,0.00699251,0.195095
4057,4.057,-0.19497,0.00699251,0.195095
4058,4.058,-0.19497,0.00699251,0.195095
4059,4.059,-0.19497,0.00699251,0.195095
4060,4.06,-0.19497,0.00699251,0.195095
4061,4.061,-0.19497,0.00699251,0.195095
4062,4.062,-0.19497,0.00699251,0.195095
4063,4.063,-0.19497,0.00699251,0.195095
4064,4.064,-0.19497,0.00699251,0.195095
4065,4.065,-0.19497,0.00699251,0.195095
4066,4.066,-0.19497,0.00699251,0.195095
4067,4.067,-0.19497,0.00699251,0.195095
4068,4.068,-0.19497,0.00699251,0.195095
4069,4.069,-0.19497,0.00699251,0.195095
4070,4.07,-0.19497,0.00699251,0.195095
4071,4.071,-0.19497,0.00699251,0.195095
4072,4.072,-0.19497,0.00699251,0.195095
4073,4.073,-0.19497,0.00699251,0.195095
4074,4.074,-0.19497,0.00699251,0.195095
4075,4.075,-0.19497,0.00699251,0.195095
4076,4.076,-0.19497,0.00699251,0.195095
4077,4.077,-0.19497,0.00699251,0.195095
4078,4.078,-0.19497,0.00699251,0.195095
4079,4.079,-0.19497,0.00699251,0.195095
4080,4.08,-0.19497,0.00699251,0.195095
4081,4.081,-0.19497,0.00699251,0.195095
4082,4.082,-0.19497,0.00699251,0.195095
4083,4.083,-0.19497,0.00699251,0.195095
4084,4.084,-0.19497,0.00699251,0.195095
4085,4.085,-0.19497,0.00699251,0.195095
4086,4.086,-0.19497,0.00699251,0.195095
4087,4.087,-0.19497,0.00699251,0.195095
4088,4.088,-0.19497,0.00699251,0.195095
4089,4.089,-0.19497,0.00699251,0.195095
4090,4.09,-0.19497,0.00699251,0.195095
4091,4.091,-0.19497,0.00699251,0.195095
4092,4.092,-0.19497,0.00699251,0.195095
4093,4.093,-0.19497,0.00699251,0.195095
4094,4.094,-0.19497,0.00699251,0.195095
4095,4.095,-0.19497,0.00699251,0.195095
4096,4.096,-0.19497,0.00699251,0.195095
4097,4.097,-0.19497,0.00699251,0.195095
4098,4.098,-0.19497,0.00699251,0.195095
4099,4.099,-0.19497,0.00699251,0.195095
4100,4.1,-0.19497,0.00699251,0.195095
4101,4.101,-0.19497,0.00699251,0.195095
4102,4.102,-0.19497,0.00699251,0.195095
4103,4.103,-0.19497,0.00699251,0.195095
4104,4.104,-0.19497,0.00699251,0.195095
4105,4.105,-0.19497,0.00699251,0.195095
4106,4.106,-0.19497,0.00699251,0.195095
4107,4.107,-0.19497,0.00699251,0.195095
4108,4.108,-0.19497,0.00699251,0.195095
4109,4.109,-0.19497,0.00699251,0.195095
4110,4.11,-0.19497,0.00699251,0.195095
4111,4.111,-0.19497,0.00699251,0.195095
4112,4.112,-0.19497,0.00699251,0.195095
4113,4.113,-0.19497,0.00699251,0.195095
4114,4.114,-0.19497,0.00699251,0.195095
4115,4.115,-0.19497,0.00699251,0.195095
4116,4.116,-0.19497,0.00699251,0.195095
4117,4.117,-0.19497,0.00699251,0.195095
4118,4.118,-0.19497,0.00699251,0.195095
4119,4.119,-0.19497,0.00699251,0.195095
4120,4.12,-0.19497,0.00699251,0.195095
4121,4.121,-0.19497,0.00699251,0.195095
4122,4.122,-0.19497,0.00699251,0.195095
4123,4.123,-0.19497,0.00699251,0.195095
4124,4.124,-0.19497,0.00699251,0.195095
4125,4.125,-0.19497,0.00699251,0.195095
4126,4.126,-0.19497,0.00699251,0.195095
4127,4.127,-0.19497,0.00699251,0.195095
4128,4.128,-0.19497,0.00699251,0.195095
4129,4.129,-0.19497,0.00699251,0.195095
4130,4.13,-0.19497,0.00699251,0.195095
4131,4.131,-0.19497,0.00699251,0.195095
4132,4.132,-0.19497,0.00699251,0.195095
4133,4.133,-0.19497,0.00699251,0.195095
4134,4.134,-0.19497,0.00699251,0.195095
4135,4.135,-0.19497,0.00699251,0.195095
4136,4.136,-0.19497,0.00699251,0.195095
4137,4.137,-0.19497,0.00699251,0.195095
4138,4.138,-0.19497,0.00699251,0.195095
4139,4.139,-0.19497,0.00699251,0.195095
4140,4.14,-0.19497,0.00699251,0.195095
4141,4.141,-0.19497,0.00699251,0.195095
4142,4.142,-0.19497,0.00699251,0.195095
4143,4.143,-0.19497,0.00699251,0.195095
4144,4.144,-0.19497,0.00699251,0.195095
4145,4.145,-0.19497,0.00699251,0.195095
4146,4.146,-0.19497,0.00699251,0.195095
4147,4.147,-0.19497,0.00699251,0.195095
4148,4.148,-0.19497,0.00699251,0.195095
4149,4.149,-0.19497,0.00699251,0.195095
4150,4.15,-0.19497,0.00699251,0.195095
4151,4.151,-0.19497,0.00699251,0.195095
4152,4.152,-0.19497,0.00699251,0.195095
4153,4.153,-0.19497,0.00699251,0.195095
4154,4.154,-0.19497,0.00699251,0.195095
4155,4.155,-0.19497,0.00699251,0.195095
4156,4.156,-0.19497,0.00699251,0.195095
4157,4.157,-0.19497,0.00699251,0.195095
4158,4.158,-0.19497,0.00699251,0.195095
4159,4.159,-0.19497,0.00699251,0.195095
4160,4.16,-0.19497,0.00699251,0.195095
4161,4.161,-0.19497,0.00699251,0.195095
4162,4.162,-0.19497,0.00699251,0.195095
4163,4.163,-0.19497,0.00699251,0.195095
4164,4.164,-0.19497,0.00699251,0.195095
4165,4.165,-0.19497,0.00699251,0.195095
4166,4.166,-0.19497,0.00699251,0.195095
4167,4.167,-0.19497,0.00699251,0.195095
4168,4.168,-0.19497,0.00699251,0.195095
4169,4.169,-0.19497,0.00699251,0.195095
4170,4.17,-0.19497,0.00699251,0.195095
4171,4.171,-0.19497,0.00699251,0.195095
4172,4.172,-0.19497,0.00699251,0.195095
4173,4.173,-0.19497,0.00699251,0.195095
4174,4.174,-0.19497,0.00699251,0.195095
4175,4.175,-0.19497,0.00699251,0.195095
4176,4.176,-0.19497,0.00699251,0.195095
4177,4.177,-0.19497,0.00699251,0.195095
4178,4.178,-0.19497,0.00699251,0.195095
4179,4.179,-0.19497,0.00699251,0.195095
4180,4.18,-0.19497,0.00699251,0.195095
4181,4.181,-0.19497,0.00699251,0.195095
4182,4.182,-0.19497,0.00699251,0.195095
4183,4.183,-0.19497,0.00699251,0.195095
4184,4.184,-0.19497,0.00699251,0.195095
4185,4.185,-0.19497,0.00699251,0.195095
4186,4.186,-0.19497,0.00699251,0.195095
4187,4.187,-0.19497,0.00699251,0.195095
4188,4.188,-0.19497,0.00699251,0.195095
4189,4.189,-0.19497,0.00699251,0.195095
4190,4.19,-0.19497,0.00699251,0.195095
4191,4.191,-0.19497,0.00699251,0.195095
4192,4.192,-0.19497,0.00699251,0.195095
4193,4.193,-0.19497,0.00699251,0.195095
4194,4.194,-0.19497,0.00699251,0.195095
4195,4.195,-0.19497,0.00699251,0.195095
4196,4.196,-0.19497,0.00699251,0.195095
4197,4.197,-0.19497,0.00699251,0.195095
4198,4.198,-0.19497,0.00699251,0.195095
4199,4.199,-0.19497,0.00699251,0.195095
4200,4.2,-0.19497,0.00699251,0.195095
4201,4.201,-0.19497,0.00699251,0.195095
4202,4.202,-0.19497,0.00699251,0.195095
4203,4.203,-0.19497,0.00699251,0.195095
4204,4.204,-0.19497,0.00699251,0.195095
4205,4.205,-0.19497,0.00699251,0.195095
4206,4.206,-0.19497,0.00699251,0.195095
4207,4.207,-0.19497,0.00699251,0.195095
4208,4.208,-0.19497,0.00699251,0.195095
4209,4.209,-0.19497,0.00699251,0.195095
4210,4.21,-0.19497,0.00699251,0.195095
4211,4.211,-0.19497,0.00699251,0.195095
4212,4.212,-0.19497,0.00699251,0.195095
4213,4.213,-0.19497,0.00699251,0.195095
4214,4.214,-0.19497,0.00699251,0.195095
4215,4.215,-0.19497,0.00699251,0.195095
4216,4.216,-0.19497,0.00699251,0.195095
4217,4.217,-0.19497,0.00699251,0.195095
4218,4.218,-0.19497,0.00699251,0.195095
4219,4.219,-0.19497,0.00699251,0.195095
4220,4.22,-0.19497,0.00699251,0.195095
4221,4.221,-0.19497,0.00699251,0.195095
4222,4.222,-0.19497,0.00699251,0.195095
4223,4.223,-0.19497,0.00699251,0.195095
4224,4.224,-0.19497,0.00699251,0.195095
4225,4.225,-0.19497,0.00699251,0.195095
4226,4.226,-0.19497,0.00699251,0.195095
4227,4.227,-0.19497,0.00699251,0.195095
4228,4.228,-0.19497,0.00699251,0.195095
4229,4.229,-0.19497,0.00699251,0.195095
4230,4.23,-0.19497,0.00699251,0.195095
4231,4.231,-0.19497,0.00699251,0.195095
4232,4.232,-0.19497,0.00699251,0.195095
4233,4.233,-0.19497,0.00699251,0.195095
4234,4.234,-0.19497,0.00699251,0.195095
4235,4.235,-0.19497,0.00699251,0.195095
4236,4.236,-0.19497,0.00699251,0.195095
4237,4.237,-0.19497,0.00699251,0.195095
4238,4.238,-0.19497,0.00699251,0.195095
4239,4.239,-0.19497,0.00699251,0.195095
4240,4.24,-0.19497,0.00699251,0.195095
4241,4.241,-0.19497,0.00699251,0.195095
4242,4.242,-0.19497,0.00699251,0.195095
4243,4.243,-0.19497,0.00699251,0.195095
4244,4.244,-0.19497,0.00699251,0.195095
4245,4.245,-0.19497,0.00699251,0.195095
4246,4.246,-0.19497,0.00699251,0.195095
4247,4.247,-0.19497,0.00699251,0.195095
4248,4.248,-0.19497,0.00699251,0.195095
4249,4.249,-0.19497,0.00699251,0.195095
4250,4.25,-0.19497,0.00699251,0.195095
4251,4.251,-0.19497,0.00699251,0.195095
4252,4.252,-0.19497,0.00699251,0.195095
4253,4.253,-0.19497,0.00699251,0.195095
4254,4.254,-0.19497,0.00699251,0.195095
4255,4.255,-0.19497,0.00699251,0.195095
4256,4.256,-0.19497,0.00699251,0.195095
4257,4.257,-0.19497,0.00699251,0.195095
4258,4.258,-0.19497,0.00699251,0.195095
4259,4.259,-0.19497,0.00699251,0.195095
4260,4.26,-0.19497,0.00699251,0.195095
4261,4.261,-0.19497,0.00699251,0.195095
4262,4.262,-0.19497,0.00699251,0.195095
4263,4.263,-0.19497,0.00699251,0.195095
4264,4.264,-0.19497,0.00699251,0.195095
4265,4.265,-0.19497,0.00699251,0.195095
4266,4.266,-0.19497,0.00699251,0.195095
4267,4.267,-0.19497,0.00699251,0.195095
4268,4.268,-0.19497,0.00699251,0.195095
4269,4.269,-0.19497,0.00699251,0.195095
4270,4.27,-0.19497,0.00699251,0.195095
4271,4.271,-0.19497,0.00699251,0.195095
4272,4.272,-0.19497,0.00699251,0.195095
4273,4.273,-0.19497,0.00699251,0.195095
4274,4.274,-0.19497,0.00699251,0.195095
4275,4.275,-0.19497,0.00699251,0.195095
4276,4.276,-0.19497,0.00699251,0.195095
4277,4.277,-0.19497,0.00699251,0.195095
4278,4.278,-0.19497,0.00699251,0.195095
4279,4.279,-0.19497,0.00699251,0.195095
4280,4.28,-0.19497,0.00699251,0.195095
4281,4.281,-0.19497,0.00699251,0.195095
4282,4.282,-0.19497,0.00699251,0.195095
4283,4.283,-0.19497,0.00699251,0.195095
4284,4.284,-0.19497,0.00699251,0.195095
4285,4.285,-0.19497,0.00699251,0.195095
4286,4.286,-0.19497,0.00699251,0.195095
4287,4.287,-0.19497,0.00699251,0.195095
4288,4.288,-0.19497,0.00699251,0.195095
4289,4.289,-0.19497,0.00699251,0.195095
4290,4.29,-0.19497,0.00699251,0.195095
4291,4.291,-0.19497,0.00699251,0.195095
4292,4.292,-0.19497,0.00699251,0.195095
4293,4.293,-0.19497,0.00699251,0.195095
4294,4.294,-0.19497,0.00699251,0.195095
4295,4.295,-0.19497,0.00699251,0.195095
4296,4.296,-0.19497,0.00699251,0.195095
4297,4.297,-0.19497,0.00699251,0.195095
4298,4.298,-0.19497,0.00699251,0.195095
4299,4.299,-0.19497,0.00699251,0.195095
4300,4.3,-0.19497,0.00699251,0.195095
4301,4.301,-0.19497,0.00699251,0.195095
4302,4.302,-0.19497,0.00699251,0.195095
4303,4.303,-0.19497,0.00699251,0.195095
4304,4.304,-0.19497,0.00699251,0.195095
4305,4.305,-0.19497,0.00699251,0.195095
4306,4.306,-0.19497,0.00699251,0.195095
4307,4.307,-0.19497,0.00699251,0.195095
4308,4.308,-0.19497,0.00699251,0.195095
4309,4.309,-0.19497,0.00699251,0.195095
4310,4.31,-0.19497,0.00699251,0.195095
4311,4.311,-0.19497,0.00699251,0.195095
4312,4.312,-0.19497,0.00699251,0.195095
4313,4.313,-0.19497,0.00699251,0.195095
4314,4.314,-0.19497,0.00699251,0.195095
4315,4.315,-0.19497,0.00699251,0.195095
4316,4.316,-0.19497,0.00699251,0.195095
4317,4.317,-0.19497,0.00699251,0.195095
4318,4.318,-0.19497,0.00699251,0.195095
4319,4.319,-0.19497,0.00699251,0.195095
4320,4.32,-0.19497,0.00699251,0.195095
4321,4.321,-0.19497,0.00699251,0.195095
4322,4.322,-0.19497,0.00699251,0.195095
4323,4.323,-0.19497,0.00699251,0.195095
4324,4.324,-0.19497,0.00699251,0.195095
4325,4.325,-0.19497,0.00699251,0.195095
4326,4.326,-0.19497,0.00699251,0.195095
4327,4.327,-0.19497,0.00699251,0.195095
4328,4.328,-0.19497,0.00699251,0.195095
4329,4.329,-0.19497,0.00699251,0.195095
4330,4.33,-0.19497,0.00699251,0.195095
4331,4.331,-0.19497,0.00699251,0.195095
4332,4.332,-0.19497,0.00699251,0.195095
4333,4.333,-0.19497,0.00699251,0.195095
4334,4.334,-0.19497,0.00699251,0.195095
4335,4.335,-0.19497,0.00699251,0.195095
4336,4.336,-0.19497,0.00699251,0.195095
4337,4.337,-0.19497,0.00699251,0.195095
4338,4.338,-0.19497,0.00699251,0.195095
4339,4.339,-0.19497,0.00699251,0.195095
4340,4.34,-0.19497,0.00699251,0.195095
4341,4.341,-0.19497,0.00699251,0.195095
4342,4.342,-0.19497,0.00699251,0.195095
4343,4.343,-0.19497,0.00699251,0.195095
4344,4.344,-0.19497,0.00699251,0.195095
4345,4.345,-0.19497,0.00699251,0.195095
4346,4.346,-0.19497,0.00699251,0.195095
4347,4.347,-0.19497,0.00699251,0.195095
4348,4.348,-0.19497,0.00699251,0.195095
4349,4.349,-0.19497,0.00699251,0.195095
4350,4.35,-0.19497,0.00699251,0.195095
4351,4.351,-0.19497,0.00699251,0.195095
4352,4.352,-0.19497,0.00699251,0.195095
4353,4.353,-0.19497,0.00699251,0.195095
4354,4.354,-0.19497,0.00699251,0.195095
4355,4.355,-0.19497,0.00699251,0.195095
4356,4.356,-0.19497,0.00699251,0.195095
4357,4.357,-0.19497,0.00699251,0.195095
4358,4.358,-0.19497,0.00699251,0.195095
4359,4.359,-0.19497,0.00699251,0.195095
4360,4.36,-0.19497,0.00699251,0.195095
4361,4.361,-0.19497,0.00699251,0.195095
4362,4.362,-0.19497,0.00699251,0.195095
4363,4.363,-0.19497,0.00699251,0.195095
4364,4.364,-0.19497,0.00699251,0.195095
4365,4.365,-0.19497,0.00699251,0.195095
4366,4.366,-0.19497,0.00699251,0.195095
4367,4.367,-0.19497,0.00699251,0.195095
4368,4.368,-0.19497,0.00699251,0.195095
4369,4.369,-0.19497,0.00699251,0.195095
4370,4.37,-0.19497,0.00699251,0.195095
4371,4.371,-0.19497,0.00699251,0.195095
4372,4.372,-0.19497,0.00699251,0.195095
4373,4.373,-0.19497,0.00699251,0.195095
4374,4.374,-0.19497,0.00699251,0.195095
4375,4.375,-0.19497,0.00699251,0.195095
4376,4.376,-0.19497,0.00699251,0.195095
4377,4.377,-0.19497,0.00699251,0.195095
4378,4.378,-0.19497,0.00699251,0.195095
4379,4.379,-0.19497,0.00699251,0.195095
4380,4.38,-0.19497,0.00699251,0.195095
4381,4.381,-0.19497,0.00699251,0.195095
4382,4.382,-0.19497,0.00699251,0.195095
4383,4.383,-0.19497,0.00699251,0.195095
4384,4.384,-0.19497,0.00699251,0.195095
4385,4.385,-0.19497,0.00699251,0.195095
4386,4.386,-0.19497,0.00699251,0.195095
4387,4.387,-0.19497,0.00699251,0.195095
4388,4.388,-0.19497,0.00699251,0.195095
4389,4.389,-0.19497,0.00699251,0.195095
4390,4.39,-0.19497,0.00699251,0.195095
4391,4.391,-0.19497,0.00699251,0.195095
4392,4.392,-0.19497,0.00699251,0.195095
4393,4.393,-0.19497,0.00699251,0.195095
4394,4.394,-0.19497,0.00699251,0.195095
4395,4.395,-0.19497,0.00699251,0.195095
4396,4.396,-0.19497,0.00699251,0.195095
4397,4.397,-0.19497,0.00699251,0.195095
4398,4.398,-0.19497,0.00699251,0.195095
4399,4.399,-0.19497,0.00699251,0.195095
4400,4.4,-0.19497,0.00699251,0.195095
4401,4.401,-0.19497,0.00699251,0.195095
4402,4.402,-0.19497,0.00699251,0.195095
4403,4.403,-0.19497,0.00699251,0.195095
4404,4.404,-0.19497,0.00699251,0.195095
4405,4.405,-0.19497,0.00699251,0.195095
4406,4.406,-0.19497,0.00699251,0.195095
4407,4.407,-0.19497,0.00699251,0.195095
4408,4.408,-0.19497,0.00699251,0.195095
4409,4.409,-0.19497,0.00699251,0.195095
4410,4.41,-0.19497,0.00699251,0.195095
4411,4.411,-0.19497,0.00699251,0.195095
4412,4.412,-0.19497,0.00699251,0.195095
4413,4.413,-0.19497,0.00699251,0.195095
4414,4.414,-0.19497,0.00699251,0.195095
4415,4.415,-0.19497,0.00699251,0.195095
4416,4.416,-0.19497,0.00699251,0.195095
4417,4.417,-0.19497,0.00699251,0.195095
4418,4.418,-0.19497,0.00699251,0.195095
4419,4.419,-0.19497,0.00699251,0.195095
4420,4.42,-0.19497,0.00699251,0.195095
4421,4.421,-0.19497,0.00699251,0.195095
4422,4.422,-0.19497,0.00699251,0.195095
4423,4.423,-0.19497,0.00699251,0.195095
4424,4.424,-0.19497,0.00699251,0.195095
4425,4.425,-0.19497,0.00699251,0.195095
4426,4.426,-0.19497,0.00699251,0.195095
4427,4.427,-0.19497,0.00699251,0.195095
4428,4.428,-0.19497,0.00699251,0.195095
4429,4.429,-0.19497,0.00699251,0.195095
4430,4.43,-0.19497,0.00699251,0.195095
4431,4.431,-0.19497,0.00699251,0.195095
4432,4.432,-0.19497,0.00699251,0.195095
4433,4.433,-0.19497,0.00699251,0.195095
4434,4.434,-0.19497,0.00699251,0.195095
4435,4.435,-0.19497,0.00699251,0.195095
4436,4.436,-0.19497,0.00699251,0.195095
4437,4.437,-0.19497,0.00699251,0.195095
4438,4.438,-0.19497,0.00699251,0.195095
4439,4.439,-0.19497,0.00699251,0.195095
4440,4.44,-0.19497,0.00699251,0.195095
4441,4.441,-0.19497,0.00699251,0.195095
4442,4.442,-0.19497,0.00699251,0.195095
4443,4.443,-0.19497,0.00699251,0.195095
4444,4.444,-0.19497,0.00699251,0.195095
4445,4.445,-0.19497,0.00699251,0.195095
4446,4.446,-0.19497,0.00699251,0.195095
4447,4.447,-0.19497,0.00699251,0.195095
4448,4.448,-0.19497,0.00699251,0.195095
4449,4.449,-0.19497,0.00699251,0.195095
4450,4.45,-0.19497,0.00699251,0.195095
4451,4.451,-0.19497,0.00699251,0.195095
4452,4.452,-0.19497,0.00699251,0.195095
4453,4.453,-0.19497,0.00699251,0.195095
4454,4.454,-0.19497,0.00699251,0.195095
4455,4.455,-0.19497,0.00699251,0.195095
4456,4.456,-0.19497,0.00699251,0.195095
4457,4.457,-0.19497,0.00699251,0.195095
4458,4.458,-0.19497,0.00699251,0.195095
4459,4.459,-0.19497,0.00699251,0.195095
4460,4.46,-0.19497,0.00699251,0.195095
4461,4.461,-0.19497,0.00699251,0.195095
4462,4.462,-0.19497,0.00699251,0.195095
4463,4.463,-0.19497,0.00699251,0.195095
4464,4.464,-0.19497,0.00699251,0.195095
4465,4.465,-0.19497,0.00699251,0.195095
4466,4.466,-0.19497,0.00699251,0.195095
4467,4.467,-0.19497,0.00699251,0.195095
4468,4.468,-0.19497,0.00699251,0.195095
4469,4.469,-0.19497,0.00699251,0.195095
4470,4.47,-0.19497,0.00699251,0.195095
4471,4.471,-0.19497,0.00699251,0.195095
4472,4.472,-0.19497,0.00699251,0.195095
4473,4.473,-0.19497,0.00699251,0.195095
4474,4.474,-0.19497,0.00699251,0.195095
4475,4.475,-0.19497,0.00699251,0.195095
4476,4.476,-0.19497,0.00699251,0.195095
4477,4.477,-0.19497,0.00699251,0.195095
4478,4.478,-0.19497,0.00699251,0.195095
4479,4.479,-0.19497,0.00699251,0.195095
4480,4.48,-0.19497,0.00699251,0.195095
4481,4.481,-0.19497,0.00699251,0.195095
4482,4.482,-0.19497,0.00699251,0.195095
4483,4.483,-0.19497,0.00699251,0.195095
4484,4.484,-0.19497,0.00699251,0.195095
4485,4.485,-0.19497,0.00699251,0.195095
4486,4.486,-0.19497,0.00699251,0.195095
4487,4.487,-0.19497,0.00699251,0.195095
4488,4.488,-0.19497,0.00699251,0.195095
4489,4.489,-0.19497,0.00699251,0.195095
4490,4.49,-0.19497,0.00699251,0.195095
4491,4.491,-0.19497,0.00699251,0.195095
4492,4.492,-0.19497,0.00699251,0.195095
4493,4.493,-0.19497,0.00699251,0.195095
4494,4.494,-0.19497,0.00699251,0.195095
4495,4.495,-0.19497,0.00699251,0.195095
4496,4.496,-0.19497,0.00699251,0.195095
4497,4.497,-0.19497,0.00699251,0.195095
4498,4.498,-0.19497,0.00699251,0.195095
4499,4.499,-0.19497,0.00699251,0.195095
4500,4.5,-0.19497,0.00699251,0.195095
4501,4.501,-0.19497,0.00699251,0.195095
4502,4.502,-0.19497,0.00699251,0.195095
4503,4.503,-0.19497,0.00699251,0.195095
4504,4.504,-0.19497,0.00699251,0.195095
4505,4.505,-0.19497,0.00699251,0.195095
4506,4.506,-0.19497,0.00699251,0.195095
4507,4.507,-0.19497,0.00699251,0.195095
4508,4.508,-0.19497,0.00699251,0.195095
4509,4.509,-0.19497,0.00699251,0.195095
4510,4.51,-0.19497,0.00699251,0.195095
4511,4.511,-0.19497,0.00699251,0.195095
4512,4.512,-0.19497,0.00699251,0.195095
4513,4.513,-0.19497,0.00699251,0.195095
4514,4.514,-0.19497,0.00699251,0.195095
4515,4.515,-0.19497,0.00699251,0.195095
4516,4.516,-0.19497,0.00699251,0.195095
4517,4.517,-0.19497,0.00699251,0.195095
4518,4.518,-0.19497,0.00699251,0.195095
4519,4.519,-0.19497,0.00699251,0.195095
4520,4.52,-0.19497,0.00699251,0.195095
4521,4.521,-0.19497,0.00699251,0.195095
4522,4.522,-0.19497,0.00699251,0.195095
4523,4.523,-0.19497,0.00699251,0.195095
4524,4.524,-0.19497,0.00699251,0.195095
4525,4.525,-0.19497,0.00699251,0.195095
4526,4.526,-0.19497,0.00699251,0.195095
4527,4.527,-0.19497,0.00699251,0.195095
4528,4.528,-0.19497,0.00699251,0.195095
4529,4.529,-0.19497,0.00699251,0.195095
4530,4.53,-0.19497,0.00699251,0.195095
4531,4.531,-0.19497,0.00699251,0.195095
4532,4.532,-0.19497,0.00699251,0.195095
4533,4.533,-0.19497,0.00699251,0.195095
4534,4.534,-0.19497,0.00699251,0.195095
4535,4.535,-0.19497,0.00699251,0.195095
4536,4.536,-0.19497,0.00699251,0.195095
4537,4.537,-0.19497,0.00699251,0.195095
4538,4.538,-0.19497,0.00699251,0.195095
4539,4.539,-0.19497,0.00699251,0.195095
4540,4.54,-0.19497,0.00699251,0.195095
4541,4.541,-0.19497,0.00699251,0.195095
4542,4.542,-0.19497,0.00699251,0.195095
4543,4.543,-0.19497,0.00699251,0.195095
4544,4.544,-0.19497,0.00699251,0.195095
4545,4.545,-0.19497,0.00699251,0.195095
4546,4.546,-0.19497,0.00699251,0.195095
4547,4.547,-0.19497,0.00699251,0.195095
4548,4.548,-0.19497,0.00699251,0.195095
4549,4.549,-0.19497,0.00699251,0.195095
4550,4.55,-0.19497,0.00699251,0.195095
4551,4.551,-0.19497,0.00699251,0.195095
4552,4.552,-0.19497,0.00699251,0.195095
4553,4.553,-0.19497,0.00699251,0.195095
4554,4.554,-0.19497,0.00699251,0.195095
4555,4.555,-0.19497,0.00699251,0.195095
4556,4.556,-0.19497,0.00699251,0.195095
4557,4.557,-0.19497,0.00699251,0.195095
4558,4.558,-0.19497,0.00699251,0.195095
4559,4.559,-0.19497,0.00699251,0.195095
4560,4.56,-0.19497,0.00699251,0.195095
4561,4.561,-0.19497,0.00699251,0.195095
4562,4.562,-0.19497,0.00699251,0.195095
4563,4.563,-0.19497,0.00699251,0.195095
4564,4.564,-0.19497,0.00699251,0.195095
4565,4.565,-0.19497,0.00699251,0.195095
4566,4.566,-0.19497,0.00699251,0.195095
4567,4.567,-0.19497,0.00699251,0.195095
4568,4.568,-0.19497,0.00699251,0.195095
4569,4.569,-0.19497,0.00699251,0.195095
4570,4.57,-0.19497,0.00699251,0.195095
4571,4.571,-0.19497,0.00699251,0.195095
4572,4.572,-0.19497,0.00699251,0.195095
4573,4.573,-0.19497,0.00699251,0.195095
4574,4.574,-0.19497,0.00699251,0.195095
4575,4.575,-0.19497,0.00699251,0.195095
4576,4.576,-0.19497,0.00699251,0.195095
4577,4.577,-0.19497,0.00699251,0.195095
4578,4.578,-0.19497,0.00699251,0.195095
4579,4.579,-0.19497,0.00699251,0.195095
4580,4.58,-0.19497,0.00699251,0.195095
4581,4.581,-0.19497,0.00699251,0.195095
4582,4.582,-0.19497,0.00699251,0.195095
4583,4.583,-0.19497,0.00699251,0.195095
4584,4.584,-0.19497,0.00699251,0.195095
4585,4.585,-0.19497,0.00699251,0.195095
4586,4.586,-0.19497,0.00699251,0.195095
4587,4.587,-0.19497,0.00699251,0.195095
4588,4.588,-0.19497,0.00699251,0.195095
4589,4.589,-0.19497,0.00699251,0.195095
4590,4.59,-0.19497,0.00699251,0.195095
4591,4.591,-0.19497,0.00699251,0.195095
4592,4.592,-0.19497,0.00699251,0.195095
4593,4.593,-0.19497,0.00699251,0.195095
4594,4.594,-0.19497,0.00699251,0.195095
4595,4.595,-0.19497,0.00699251,0.195095
4596,4.596,-0.19497,0.00699251,0.195095
4597,4.597,-0.19497,0.00699251,0.195095
4598,4.598,-0.19497,0.00699251,0.195095
4599,4.599,-0.19497,0.00699251,0.195095
4600,4.6,-0.19497,0.00699251,0.195095
4601,4.601,-0.19497,0.00699251,0.195095
4602,4.602,-0.19497,0.00699251,0.195095
4603,4.603,-0.19497,0.00699251,0.195095
4604,4.604,-0.19497,0.00699251,0.195095
4605,4.605,-0.19497,0.00699251,0.195095
4606,4.606,-0.19497,0.00699251,0.195095
4607,4.607,-0.19497,0.00699251,0.195095
4608,4.608,-0.19497,0.00699251,0.195095
4609,4.609,-0.19497,0.00699251,0.195095
4610,4.61,-0.19497,0.00699251,0.195095
4611,4.611,-0.19497,0.00699251,0.195095
4612,4.612,-0.19497,0.00699251,0.195095
4613,4.613,-0.19497,0.00699251,0.195095
4614,4.614,-0.19497,0.00699251,0.195095
4615,4.615,-0.19497,0.00699251,0.195095
4616,4.616,-0.19497,0.00699251,0.195095
4617,4.617,-0.19497,0.00699251,0.195095
4618,4.618,-0.19497,0.00699251,0.195095
4619,4.619,-0.19497,0.00699251,0.195095
4620,4.62,-0.19497,0.00699251,0.195095
4621,4.621,-0.19497,0.00699251,0.195095
4622,4.622,-0.19497,0.00699251,0.195095
4623,4.623,-0.19497,0.00699251,0.195095
4624,4.624,-0.19497,0.00699251,0.195095
4625,4.625,-0.19497,0.00699251,0.195095
4626,4.626,-0.19497,0.00699251,0.195095
4627,4.627,-0.19497,0.00699251,0.195095
4628,4.628,-0.19497,0.00699251,0.195095
4629,4.629,-0.19497,0.00699251,0.195095
4630,4.63,-0.19497,0.00699251,0.195095
4631,4.631,-0.19497,0.00699251,0.195095
4632,4.632,-0.19497,0.00699251,0.195095
4633,4.633,-0.19497,0.00699251,0.195095
4634,4.634,-0.19497,0.00699251,0.195095
4635,4.635,-0.19497,0.00699251,0.195095
4636,4.636,-0.19497,0.00699251,0.195095
4637,4.637,-0.19497,0.00699251,0.195095
4638,4.638,-0.19497,0.00699251,0.195095
4639,4.639,-0.19497,0.00699251,0.195095
4640,4.64,-0.19497,0.00699251,0.195095
4641,4.641,-0.19497,0.00699251,0.195095
4642,4.642,-0.19497,0.00699251,0.195095
4643,4.643,-0.19497,0.00699251,0.195095
4644,4.644,-0.19497,0.00699251,0.195095
4645,4.645,-0.19497,0.00699251,0.195095
4646,4.646,-0.19497,0.00699251,0.195095
4647,4.647,-0.19497,0.00699251,0.195095
4648,4.648,-0.19497,0.00699251,0.195095
4649,4.649,-0.19497,0.00699251,0.195095
4650,4.65,-0.19497,0.00699251,0.195095
4651,4.651,-0.19497,0.00699251,0.195095
4652,4.652,-0.19497,0.00699251,0.195095
4653,4.653,-0.19497,0.00699251,0.195095
4654,4.654,-0.19497,0.00699251,0.195095
4655,4.655,-0.19497,0.00699251,0.195095
4656,4.656,-0.19497,0.00699251,0.195095
4657,4.657,-0.19497,0.00699251,0.195095
4658,4.658,-0.19497,0.00699251,0.195095
4659,4.659,-0.19497,0.00699251,0.195095
4660,4.66,-0.19497,0.00699251,0.195095
4661,4.661,-0.19497,0.00699251,0.195095
4662,4.662,-0.19497,0.00699251,0.195095
4663,4.663,-0.19497,0.00699251,0.195095
4664,4.664,-0.19497,0.00699251,0.195095
4665,4.665,-0.19497,0.00699251,0.195095
4666,4.666,-0.19497,0.00699251,0.195095
4667,4.667,-0.19497,0.00699251,0.195095
4668,4.668,-0.19497,0.00699251,0.195095
4669,4.669,-0.19497,0.00699251,0.195095
4670,4.67,-0.19497,0.00699251,0.195095
4671,4.671,-0.19497,0.00699251,0.195095
4672,4.672,-0.19497,0.00699251,0.195095
4673,4.673,-0.19497,0.00699251,0.195095
4674,4.674,-0.19497,0.00699251,0.195095
4675,4.675,-0.19497,0.00699251,0.195095
4676,4.676,-0.19497,0.00699251,0.195095
4677,4.677,-0.19497,0.00699251,0.195095
4678,4.678,-0.19497,0.00699251,0.195095
4679,4.679,-0.19497,0.00699251,0.195095
4680,4.68,-0.19497,0.00699251,0.195095
4681,4.681,-0.19497,0.00699251,0.195095
4682,4.682,-0.19497,0.00699251,0.195095
4683,4.683,-0.19497,0.00699251,0.195095
4684,4.684,-0.19497,0.00699251,0.195095
4685,4.685,-0.19497,0.00699251,0.195095
4686,4.686,-0.19497,0.00699251,0.195095
4687,4.687,-0.19497,0.00699251,0.195095
4688,4.688,-0.19497,0.00699251,0.195095
4689,4.689,-0.19497,0.00699251,0.195095
4690,4.69,-0.19497,0.00699251,0.195095
4691,4.691,-0.19497,0.00699251,0.195095
4692,4.692,-0.19497,0.00699251,0.195095
4693,4.693,-0.19497,0.00699251,0.195095
4694,4.694,-0.19497,0.00699251,0.195095
4695,4.695,-0.19497,0.00699251,0.195095
4696,4.696,-0.19497,0.00699251,0.195095
4697,4.697,-0.19497,0.00699251,0.195095
4698,4.698,-0.19497,0.00699251,0.195095
4699,4.699,-0.19497,0.00699251,0.195095
4700,4.7,-0.19497,0.00699251,0.195095
4701,4.701,-0.19497,0.00699251,0.195095
4702,4.702,-0.19497,0.00699251,0.195095
4703,4.703,-0.19497,0.00699251,0.195095
4704,4.704,-0.19497,0.00699251,0.195095
4705,4.705,-0.19497,0.00699251,0.195095
4706,4.706,-0.19497,0.00699251,0.195095
4707,4.707,-0.19497,0.00699251,0.195095
4708,4.708,-0.19497,0.00699251,0.195095
4709,4.709,-0.19497,0.00699251,0.195095
4710,4.71,-0.19497,0.00699251,0.195095
4711,4.711,-0.19497,0.00699251,0.195095
4712,4.712,-0.19497,0.00699251,0.195095
4713,4.713,-0.19497,0.00699251,0.195095
4714,4.714,-0.19497,0.00699251,0.195095
4715,4.715,-0.19497,0.00699251,0.195095
4716,4.716,-0.19497,0.00699251,0.195095
4717,4.717,-0.19497,0.00699251,0.195095
4718,4.718,-0.19497,0.00699251,0.195095
4719,4.719,-0.19497,0.00699251,0.195095
4720,4.72,-0.19497,0.00699251,0.195095
4721,4.721,-0.19497,0.00699251,0.195095
4722,4.722,-0.19497,0.00699251,0.195095
4723,4.723,-0.19497,0.00699251,0.195095
4724,4.724,-0.19497,0.00699251,0.195095
4725,4.725,-0.19497,0.00699251,0.195095
4726,4.726,-0.19497,0.00699251,0.195095
4727,4.727,-0.19497,0.00699251,0.195095
4728,4.728,-0.19497,0.00699251,0.195095
4729,4.729,-0.19497,0.00699251,0.195095
4730,4.73,-0.19497,0.00699251,0.195095
4731,4.731,-0.19497,0.00699251,0.195095
4732,4.732,-0.19497,0.00699251,0.195095
4733,4.733,-0.19497,0.00699251,0.195095
4734,4.734,-0.19497,0.00699251,0.195095
4735,4.735,-0.19497,0.00699251,0.195095
4736,4.736,-0.19497,0.00699251,0.195095
4737,4.737,-0.19497,0.00699251,0.195095
4738,4.738,-0.19497,0.00699251,0.195095
4739,4.739,-0.19497,0.00699251,0.195095
4740,4.74,-0.19497,0.00699251,0.195095
4741,4.741,-0.19497,0.00699251,0.195095
4742,4.742,-0.19497,0.00699251,0.195095
4743,4.743,-0.19497,0.00699251,0.195095
4744,4.744,-0.19497,0.00699251,0.195095
4745,4.745,-0.19497,0.00699251,0.195095
4746,4.746,-0.19497,0.00699251,0.195095
4747,4.747,-0.19497,0.00699251,0.195095
4748,4.748,-0.19497,0.00699251,0.195095
4749,4.749,-0.19497,0.00699251,0.195095
4750,4.75,-0.19497,0.00699251,0.195095
4751,4.751,-0.19497,0.00699251,0.195095
4752,4.752,-0.19497,0.00699251,0.195095
4753,4.753,-0.19497,0.00699251,0.195095
4754,4.754,-0.19497,0.00699251,0.195095
4755,4.755,-0.19497,0.00699251,0.195095
4756,4.756,-0.19497,0.00699251,0.195095
4757,4.757,-0.19497,0.00699251,0.195095
4758,4.758,-0.19497,0.00699251,0.195095
4759,4.759,-0.19497,0.00699251,0.195095
4760,4.76,-0.19497,0.00699251,0.195095
4761,4.761,-0.19497,0.00699251,0.195095
4762,4.762,-0.19497,0.00699251,0.195095
4763,4.763,-0.19497,0.00699251,0.195095
4764,4.764,-0.19497,0.00699251,0.195095
4765,4.765,-0.19497,0.00699251,0.195095
4766,4.766,-0.19497,0.00699251,0.195095
4767,4.767,-0.19497,0.00699251,0.195095
4768,4.768,-0.19497,0.00699251,0.195095
4769,4.769,-0.19497,0.00699251,0.195095
4770,4.77,-0.19497,0.00699251,0.195095
4771,4.771,-0.19497,0.00699251,0.195095
4772,4.772,-0.19497,0.00699251,0.195095
4773,4.773,-0.19497,0.00699251,0.195095
4774,4.774,-0.19497,0.00699251,0.195095
4775,4.775,-0.19497,0.00699251,0.195095
4776,4.776,-0.19497,0.00699251,0.195095
4777,4.777,-0.19497,0.00699251,0.195095
4778,4.778,-0.19497,0.00699251,0.195095
4779,4.779,-0.19497,0.00699251,0.195095
4780,4.78,-0.19497,0.00699251,0.195095
4781,4.781,-0.19497,0.00699251,0.195095
4782,4.782,-0.19497,0.00699251,0.195095
4783,4.783,-0.19497,0.00699251,0.195095
4784,4.784,-0.19497,0.00699251,0.195095
4785,4.785,-0.19497,0.00699251,0.195095
4786,4.786,-0.19497,0.00699251,0.195095
4787,4.787,-0.19497,0.00699251,0.195095
4788,4.788,-0.19497,0.00699251,0.195095
4789,4.789,-0.19497,0.00699251,0.195095
4790,4.79,-0.19497,0.00699251,0.195095
4791,4.791,-0.19497,0.00699251,0.195095
4792,4.792,-0.19497,0.00699251,0.195095
4793,4.793,-0.19497,0.00699251,0.195095
4794,4.794,-0.19497,0.00699251,0.195095
4795,4.795,-0.19497,0.00699251,0.195095
4796,4.796,-0.19497,0.00699251,0.195095
4797,4.797,-0.19497,0.00699251,0.195095
4798,4.798,-0.19497,0.00699251,0.195095
4799,4.799,-0.19497,0.00699251,0.195095
4800,4.8,-0.19497,0.00699251,0.195095
4801,4.801,-0.19497,0.00699251,0.195095
4802,4.802,-0.19497,0.00699251,0.195095
4803,4.803,-0.19497,0.00699251,0.195095
4804,4.804,-0.19497,0.00699251,0.195095
4805,4.805,-0.19497,0.00699251,0.195095
4806,4.806,-0.19497,0.00699251,0.195095
4807,4.807,-0.19497,0.00699251,0.195095
4808,4.808,-0.19497,0.00699251,0.195095
4809,4.809,-0.19497,0.00699251,0.195095
4810,4.81,-0.19497,0.00699251,0.195095
4811,4.811,-0.19497,0.00699251,0.195095
4812,4.812,-0.19497,0.00699251,0.195095
4813,4.813,-0.19497,0.00699251,0.195095
4814,4.814,-0.19497,0.00699251,0.195095
4815,4.815,-0.19497,0.00699251,0.195095
4816,4.816,-0.19497,0.00699251,0.195095
4817,4.817,-0.19497,0.00699251,0.195095
4818,4.818,-0.19497,0.00699251,0.195095
4819,4.819,-0.19497,0.00699251,0.195095
4820,4.82,-0.19497,0.00699251,0.195095
4821,4.821,-0.19497,0.00699251,0.195095
4822,4.822,-0.19497,0.00699251,0.195095
4823,4.823,-0.19497,0.00699251,0.195095
4824,4.824,-0.19497,0.00699251,0.195095
4825,4.825,-0.19497,0.00699251,0.195095
4826,4.826,-0.19497,0.00699251,0.195095
4827,4.827,-0.19497,0.00699251,0.195095
4828,4.828,-0.19497,0.00699251,0.195095
4829,4.829,-0.19497,0.00699251,0.195095
4830,4.83,-0.19497,0.00699251,0.195095
4831,4.831,-0.19497,0.00699251,0.195095
4832,4.832,-0.19497,0.00699251,0.195095
4833,4.833,-0.19497,0.00699251,0.195095
4834,4.834,-0.19497,0.00699251,0.195095
4835,4.835,-0.19497,0.00699251,0.195095
4836,4.836,-0.19497,0.00699251,0.195095
4837,4.837,-0.19497,0.00699251,0.195095
4838,4.838,-0.19497,0.00699251,0.195095
4839,4.839,-0.19497,0.00699251,0.195095
4840,4.84,-0.19497,0.00699251,0.195095
4841,4.841,-0.19497,0.00699251,0.195095
4842,4.842,-0.19497,0.00699251,0.195095
4843,4.843,-0.19497,0.00699251,0.195095
4844,4.844,-0.19497,0.00699251,0.195095
4845,4.845,-0.19497,0.00699251,0.195095
4846,4.846,-0.19497,0.00699251,0.195095
4847,4.847,-0.19497,0.00699251,0.195095
4848,4.848,-0.19497,0.00699251,0.195095
4849,4.849,-0.19497,0.00699251,0.195095
4850,4.85,-0.19497,0.00699251,0.195095
4851,4.851,-0.19497,0.00699251,0.195095
4852,4.852,-0.19497,0.00699251,0.195095
4853,4.853,-0.19497,0.00699251,0.195095
4854,4.854,-0.19497,0.00699251,0.195095
4855,4.855,-0.19497,0.00699251,0.195095
4856,4.856,-0.19497,0.00699251,0.195095
4857,4.857,-0.19497,0.00699251,0.195095
4858,4.858,-0.19497,0.00699251,0.195095
4859,4.859,-0.19497,0.00699251,0.195095
4860,4.86,-0.19497,0.00699251,0.195095
4861,4.861,-0.19497,0.00699251,0.195095
4862,4.862,-0.19497,0.00699251,0.195095
4863,4.863,-0.19497,0.00699251,0.195095
4864,4.864,-0.19497,0.00699251,0.195095
4865,4.865,-0.19497,0.00699251,0.195095
4866,4.866,-0.19497,0.00699251,0.195095
4867,4.867,-0.19497,0.00699251,0.195095
4868,4.868,-0.19497,0.00699251,0.195095
4869,4.869,-0.19497,0.00699251,0.195095
4870,4.87,-0.19497,0.00699251,0.195095
4871,4.871,-0.19497,0.00699251,0.195095
4872,4.872,-0.19497,0.00699251,0.195095
4873,4.873,-0.19497,0.00699251,0.195095
4874,4.874,-0.19497,0.00699251,0.195095
4875,4.875,-0.19497,0.00699251,0.195095
4876,4.876,-0.19497,0.00699251,0.195095
4877,4.877,-0.19497,0.00699251,0.195095
4878,4.878,-0.19497,0.00699251,0.195095
4879,4.879,-0.19497,0.00699251,0.195095
4880,4.88,-0.19497,0.00699251,0.195095
4881,4.881,-0.19497,0.00699251,0.195095
4882,4.882,-0.19497,0.00699251,0.195095
4883,4.883,-0.19497,0.00699251,0.195095
4884,4.884,-0.19497,0.00699251,0.195095
4885,4.885,-0.19497,0.00699251,0.195095
4886,4.886,-0.19497,0.00699251,0.195095
4887,4.887,-0.19497,0.00699251,0.195095
4888,4.888,-0.19497,0.00699251,0.195095
4889,4.889,-0.19497,0.00699251,0.195095
4890,4.89,-0.19497,0.00699251,0.195095
4891,4.891,-0.19497,0.00699251,0.195095
4892,4.892,-0.19497,0.00699251,0.195095
4893,4.893,-0.19497,0.00699251,0.195095
4894,4.894,-0.19497,0.00699251,0.195095
4895,4.895,-0.19497,0.00699251,0.195095
4896,4.896,-0.19497,0.00699251,0.195095
4897,4.897,-0.19497,0.00699251,0.195095
4898,4.898,-0.19497,0.00699251,0.195095
4899,4.899,-0.19497,0.00699251,0.195095
4900,4.9,-0.19497,0.00699251,0.195095
4901,4.901,-0.19497,0.00699251,0.195095
4902,4.902,-0.19497,0.00699251,0.195095
4903,4.903,-0.19497,0.00699251,0.195095
4904,4.904,-0.19497,0.00699251,0.195095
4905,4.905,-0.19497,0.00699251,0.195095
4906,4.906,-0.19497,0.00699251,0.195095
4907,4.907,-0.19497,0.00699251,0.195095
4908,4.908,-0.19497,0.00699251,0.195095
4909,4.909,-0.19497,0.00699251,0.195095
4910,4.91,-0.19497,0.00699251,0.195095
4911,4.911,-0.19497,0.00699251,0.195095
4912,4.912,-0.19497,0.00699251,0.195095
4913,4.913,-0.19497,0.00699251,0.195095
4914,4.914,-0.19497,0.00699251,0.195095
4915,4.915,-0.19497,0.00699251,0.195095
4916,4.916,-0.19497,0.00699251,0.195095
4917,4.917,-0.19497,0.00699251,0.195095
4918,4.918,-0.19497,0.00699251,0.195095
4919,4.919,-0.19497,0.00699251,0.195095
4920,4.92,-0.19497,0.00699251,0.195095
4921,4.921,-0.19497,0.00699251,0.195095
4922,4.922,-0.19497,0.00699251,0.195095
4923,4.923,-0.19497,0.00699251,0.195095
4924,4.924,-0.19497,0.00699251,0.195095
4925,4.925,-0.19497,0.00699251,0.195095
4926,4.926,-0.19497,0.00699251,0.195095
4927,4.927,-0.19497,0.00699251,0.195095
4928,4.928,-0.19497,0.00699251,0.195095
4929,4.929,-0.19497,0.00699251,0.195095
4930,4.93,-0.19497,0.00699251,0.195095
4931,4.931,-0.19497,0.00699251,0.195095
4932,4.932,-0.19497,0.00699251,0.195095
4933,4.933,-0.19497,0.00699251,0.195095
4934,4.934,-0.19497,0.00699251,0.195095
4935,4.935,-0.19497,0.00699251,0.195095
4936,4.936,-0.19497,0.00699251,0.195095
4937,4.937,-0.19497,0.00699251,0.195095
4938,4.938,-0.19497,0.00699251,0.195095
4939,4.939,-0.19497,0.00699251,0.195095
4940,4.94,-0.19497,0.00699251,0.195095
4941,4.941,-0.19497,0.00699251,0.195095
4942,4.942,-0.19497,0.00699251,0.195095
4943,4.943,-0.19497,0.00699251,0.195095
4944,4.944,-0.19497,0.00699251,0.195095
4945,4.945,-0.19497,0.00699251,0.195095
4946,4.946,-0.19497,0.00699251,0.195095
4947,4.947,-0.19497,0.00699251,0.195095
4948,4.948,-0.19497,0.00699251,0.195095
4949,4.949,-0.19497,0.00699251,0.195095
4950,4.95,-0.19497,0.00699251,0.195095
4951,4.951,-0.19497,0.00699251,0.195095
4952,4.952,-0.19497,0.00699251,0.195095
4953,4.953,-0.19497,0.00699251,0.195095
4954,4.954,-0.19497,0.00699251,0.195095
4955,4.955,-0.19497,0.00699251,0.195095
4956,4.956,-0.19497,0.00699251,0.195095
4957,4.957,-0.19497,0.00699251,0.195095
4958,4.958,-0.19497,0.00699251,0.195095
4959,4.959,-0.19497,0.00699251,0.195095
4960,4.96,-0.19497,0.00699251,0.195095
4961,4.961,-0.19497,0.00699251,0.195095
4962,4.962,-0.19497,0.00699251,0.195095
4963,4.963,-0.19497,0.00699251,0.195095
4964,4.964,-0.19497,0.00699251,0.195095
4965,4.965,-0.19497,0.00699251,0.195095
4966,4.966,-0.19497,0.00699251,0.195095
4967,4.967,-0.19497,0.00699251,0.195095
4968,4.968,-0.19497,0.00699251,0.195095
4969,4.969,-0.19497,0.00699251,0.195095
4970,4.97,-0.19497,0.00699251,0.195095
4971,4.971,-0.19497,0.00699251,0.195095
4972,4.972,-0.19497,0.00699251,0.195095
4973,4.973,-0.19497,0.00699251,0.195095
4974,4.974,-0.19497,0.00699251,0.195095
4975,4.975,-0.19497,0.00699251,0.195095
4976,4.976,-0.19497,0.00699251,0.195095
4977,4.977,-0.19497,0.00699251,0.195095
4978,4.978,-0.19497,0.00699251,0.195095
4979,4.979,-0.19497,0.00699251,0.195095
4980,4.98,-0.19497,0.00699251,0.195095
4981,4.981,-0.19497,0.00699251,0.195095
4982,4.982,-0.19497,0.00699251,0.195095
4983,4.983,-0.19497,0.00699251,0.195095
4984,4.984,-0.19497,0.00699251,0.195095
4985,4.985,-0.19497,0.00699251,0.195095
4986,4.986,-0.19497,0.00699251,0.195095
4987,4.987,-0.19497,0.00699251,0.195095
4988,4.988,-0.19497,0.00699251,0.195095
4989,4.989,-0.19497,0.00699251,0.195095
4990,4.99,-0.19497,0.00699251,0.195095
4991,4.991,-0.19497,0.00699251,0.195095
4992,4.992,-0.19497,0.00699251,0.195095
4993,4.993,-0.19497,0.00699251,0.195095
4994,4.994,-0.19497,0.00699251,0.195095
4995,4.995,-0.19497,0.00699251,0.195095
4996,4.996,-0.19497,0.00699251,0.195095
4997,4.997,-0.19497,0.00699251,0.195095
4998,4.998,-0.19497,0.00699251,0.195095
4999,4.999,-0.19497,0.00699251,0.195095
5000,5,-0.19497,0.00699251,0.195095
